point_id,image_name,band,value
480,S1_2015_2,VV,-6.9064178466796875
482,S1_2015_2,VV,-7.5886921882629395
483,S1_2015_2,VV,-4.917391300201416
501,S1_2015_2,VV,-8.44357967376709
904,S1_2015_2,VV,-5.592562198638916
480,S1_2015_2,VH,-13.392621994018555
482,S1_2015_2,VH,-13.519814491271973
483,S1_2015_2,VH,-13.827911376953125
501,S1_2015_2,VH,-14.512166976928711
904,S1_2015_2,VH,-13.857525825500488
480,S1_2015_2,angle,45.11332321166992
482,S1_2015_2,angle,45.04335403442383
483,S1_2015_2,angle,45.06571578979492
501,S1_2015_2,angle,45.401161193847656
904,S1_2015_2,angle,45.17306900024414
480,S1_2015_2,VV_VH_Ratio,6.486204147338866
482,S1_2015_2,VV_VH_Ratio,5.931122303009033
483,S1_2015_2,VV_VH_Ratio,8.910520076751709
501,S1_2015_2,VV_VH_Ratio,6.068587303161621
904,S1_2015_2,VV_VH_Ratio,8.26496362686157
480,S1_2015_2,VV_pre_post_ratio,
482,S1_2015_2,VV_pre_post_ratio,
483,S1_2015_2,VV_pre_post_ratio,
501,S1_2015_2,VV_pre_post_ratio,
904,S1_2015_2,VV_pre_post_ratio,
480,S1_2015_2,VH_pre_post_ratio,
482,S1_2015_2,VH_pre_post_ratio,
483,S1_2015_2,VH_pre_post_ratio,
501,S1_2015_2,VH_pre_post_ratio,
904,S1_2015_2,VH_pre_post_ratio,
480,S1_2015_2,VH_VV_ratio_change,
482,S1_2015_2,VH_VV_ratio_change,
483,S1_2015_2,VH_VV_ratio_change,
501,S1_2015_2,VH_VV_ratio_change,
904,S1_2015_2,VH_VV_ratio_change,
480,S1_2015_4,VV,-7.271006107330322
482,S1_2015_4,VV,-8.200150489807129
483,S1_2015_4,VV,-6.154008865356445
501,S1_2015_4,VV,-8.330711364746094
904,S1_2015_4,VV,-5.786798477172852
480,S1_2015_4,VH,-13.848360061645508
482,S1_2015_4,VH,-14.626663208007812
483,S1_2015_4,VH,-14.048723220825195
501,S1_2015_4,VH,-15.086976051330566
904,S1_2015_4,VH,-13.070672988891602
480,S1_2015_4,angle,45.13753890991211
482,S1_2015_4,angle,45.069480895996094
483,S1_2015_4,angle,45.09022903442383
501,S1_2015_4,angle,45.42792892456055
904,S1_2015_4,angle,45.196903228759766
480,S1_2015_4,VV_VH_Ratio,6.577353954315187
482,S1_2015_4,VV_VH_Ratio,6.4265127182006845
483,S1_2015_4,VV_VH_Ratio,7.894714355468749
501,S1_2015_4,VV_VH_Ratio,6.7562646865844735
904,S1_2015_4,VV_VH_Ratio,7.283874511718748
480,S1_2015_4,VV_pre_post_ratio,
482,S1_2015_4,VV_pre_post_ratio,
483,S1_2015_4,VV_pre_post_ratio,
501,S1_2015_4,VV_pre_post_ratio,
904,S1_2015_4,VV_pre_post_ratio,
480,S1_2015_4,VH_pre_post_ratio,
482,S1_2015_4,VH_pre_post_ratio,
483,S1_2015_4,VH_pre_post_ratio,
501,S1_2015_4,VH_pre_post_ratio,
904,S1_2015_4,VH_pre_post_ratio,
480,S1_2015_4,VH_VV_ratio_change,
482,S1_2015_4,VH_VV_ratio_change,
483,S1_2015_4,VH_VV_ratio_change,
501,S1_2015_4,VH_VV_ratio_change,
904,S1_2015_4,VH_VV_ratio_change,
480,S1_2015_5,VV,-7.856180191040039
482,S1_2015_5,VV,-9.179281234741211
483,S1_2015_5,VV,-6.349353313446045
501,S1_2015_5,VV,-10.4700345993042
904,S1_2015_5,VV,-7.4044575691223145
480,S1_2015_5,VH,-12.734341621398926
482,S1_2015_5,VH,-14.48648738861084
483,S1_2015_5,VH,-13.86062240600586
501,S1_2015_5,VH,-14.460380554199219
904,S1_2015_5,VH,-13.482837677001953
480,S1_2015_5,angle,45.13677978515625
482,S1_2015_5,angle,45.06721878051758
483,S1_2015_5,angle,45.0898551940918
501,S1_2015_5,angle,45.42585372924805
904,S1_2015_5,angle,45.19633865356445
480,S1_2015_5,VV_VH_Ratio,4.878161430358887
482,S1_2015_5,VV_VH_Ratio,5.307206153869629
483,S1_2015_5,VV_VH_Ratio,7.511269092559816
501,S1_2015_5,VV_VH_Ratio,3.990345954895021
904,S1_2015_5,VV_VH_Ratio,6.078380107879639
480,S1_2015_5,VV_pre_post_ratio,
482,S1_2015_5,VV_pre_post_ratio,
483,S1_2015_5,VV_pre_post_ratio,
501,S1_2015_5,VV_pre_post_ratio,
904,S1_2015_5,VV_pre_post_ratio,
480,S1_2015_5,VH_pre_post_ratio,
482,S1_2015_5,VH_pre_post_ratio,
483,S1_2015_5,VH_pre_post_ratio,
501,S1_2015_5,VH_pre_post_ratio,
904,S1_2015_5,VH_pre_post_ratio,
480,S1_2015_5,VH_VV_ratio_change,
482,S1_2015_5,VH_VV_ratio_change,
483,S1_2015_5,VH_VV_ratio_change,
501,S1_2015_5,VH_VV_ratio_change,
904,S1_2015_5,VH_VV_ratio_change,
480,S1_2016_16,VV,-6.1219682693481445
482,S1_2016_16,VV,-8.240083694458008
483,S1_2016_16,VV,-5.2653045654296875
501,S1_2016_16,VV,-8.28128719329834
904,S1_2016_16,VV,-5.808567523956299
480,S1_2016_16,VH,-12.392890930175781
482,S1_2016_16,VH,-13.765371322631836
483,S1_2016_16,VH,-12.795265197753906
501,S1_2016_16,VH,-14.14034652709961
904,S1_2016_16,VH,-13.621281623840332
480,S1_2016_16,angle,45.134029388427734
482,S1_2016_16,angle,45.064483642578125
483,S1_2016_16,angle,45.08686447143555
501,S1_2016_16,angle,45.42290496826172
904,S1_2016_16,angle,45.19172668457031
480,S1_2016_16,VV_VH_Ratio,6.270922660827637
482,S1_2016_16,VV_VH_Ratio,5.525287628173828
483,S1_2016_16,VV_VH_Ratio,7.52996063232422
501,S1_2016_16,VV_VH_Ratio,5.8590593338012695
904,S1_2016_16,VV_VH_Ratio,7.812714099884033
480,S1_2016_16,VV_pre_post_ratio,-1.7342119216918939
482,S1_2016_16,VV_pre_post_ratio,-0.9391975402832029
483,S1_2016_16,VV_pre_post_ratio,-1.0840487480163574
501,S1_2016_16,VV_pre_post_ratio,-2.1887474060058594
904,S1_2016_16,VV_pre_post_ratio,-1.5958900451660163
480,S1_2016_16,VH_pre_post_ratio,-0.3414506912231436
482,S1_2016_16,VH_pre_post_ratio,-0.721116065979003
483,S1_2016_16,VH_pre_post_ratio,-1.0653572082519536
501,S1_2016_16,VH_pre_post_ratio,-0.3200340270996094
904,S1_2016_16,VH_pre_post_ratio,0.13844394683837777
480,S1_2016_16,VH_VV_ratio_change,1.39276123046875
482,S1_2016_16,VH_VV_ratio_change,0.2180814743041996
483,S1_2016_16,VH_VV_ratio_change,0.018691539764403582
501,S1_2016_16,VH_VV_ratio_change,1.8687133789062493
904,S1_2016_16,VH_VV_ratio_change,1.7343339920043943
480,S1_2016_19,VV,-6.249326229095459
482,S1_2016_19,VV,-7.583662986755371
483,S1_2016_19,VV,-5.565054416656494
501,S1_2016_19,VV,-8.829178810119629
904,S1_2016_19,VV,-5.336491107940674
480,S1_2016_19,VH,-12.406229019165039
482,S1_2016_19,VH,-13.475590705871582
483,S1_2016_19,VH,-12.29991340637207
501,S1_2016_19,VH,-14.407028198242188
904,S1_2016_19,VH,-12.421993255615234
480,S1_2016_19,angle,45.13751220703125
482,S1_2016_19,angle,45.06769943237305
483,S1_2016_19,angle,45.09034729003906
501,S1_2016_19,angle,45.42631912231445
904,S1_2016_19,angle,45.196739196777344
480,S1_2016_19,VV_VH_Ratio,6.156902790069578
482,S1_2016_19,VV_VH_Ratio,5.891927719116213
483,S1_2016_19,VV_VH_Ratio,6.734858989715575
501,S1_2016_19,VV_VH_Ratio,5.577849388122558
904,S1_2016_19,VV_VH_Ratio,7.08550214767456
480,S1_2016_19,VV_pre_post_ratio,-1.6068539619445796
482,S1_2016_19,VV_pre_post_ratio,-1.5956182479858407
483,S1_2016_19,VV_pre_post_ratio,-0.7842988967895503
501,S1_2016_19,VV_pre_post_ratio,-1.6408557891845703
904,S1_2016_19,VV_pre_post_ratio,-2.067966461181641
480,S1_2016_19,VH_pre_post_ratio,-0.3281126022338874
482,S1_2016_19,VH_pre_post_ratio,-1.010896682739257
483,S1_2016_19,VH_pre_post_ratio,-1.560708999633791
501,S1_2016_19,VH_pre_post_ratio,-0.053352355957032804
904,S1_2016_19,VH_pre_post_ratio,-1.0608444213867194
480,S1_2016_19,VH_VV_ratio_change,1.278741359710692
482,S1_2016_19,VH_VV_ratio_change,0.584721565246584
483,S1_2016_19,VH_VV_ratio_change,-0.7764101028442405
501,S1_2016_19,VH_VV_ratio_change,1.5875034332275373
904,S1_2016_19,VH_VV_ratio_change,1.0071220397949219
480,S1_2016_2,VV,-6.91768741607666
482,S1_2016_2,VV,-9.278656959533691
483,S1_2016_2,VV,-6.1529083251953125
501,S1_2016_2,VV,-8.852591514587402
904,S1_2016_2,VV,-6.456362247467041
480,S1_2016_2,VH,-12.38034439086914
482,S1_2016_2,VH,-14.115665435791016
483,S1_2016_2,VH,-12.243167877197266
501,S1_2016_2,VH,-14.390522956848145
904,S1_2016_2,VH,-12.442362785339355
480,S1_2016_2,angle,45.085845947265625
482,S1_2016_2,angle,45.016353607177734
483,S1_2016_2,angle,45.03937911987305
501,S1_2016_2,angle,45.376102447509766
904,S1_2016_2,angle,45.14271926879883
480,S1_2016_2,VV_VH_Ratio,5.4626569747924805
482,S1_2016_2,VV_VH_Ratio,4.837008476257325
483,S1_2016_2,VV_VH_Ratio,6.090259552001953
501,S1_2016_2,VV_VH_Ratio,5.537931442260742
904,S1_2016_2,VV_VH_Ratio,5.986000537872314
480,S1_2016_2,VV_pre_post_ratio,
482,S1_2016_2,VV_pre_post_ratio,
483,S1_2016_2,VV_pre_post_ratio,
501,S1_2016_2,VV_pre_post_ratio,
904,S1_2016_2,VV_pre_post_ratio,
480,S1_2016_2,VH_pre_post_ratio,
482,S1_2016_2,VH_pre_post_ratio,
483,S1_2016_2,VH_pre_post_ratio,
501,S1_2016_2,VH_pre_post_ratio,
904,S1_2016_2,VH_pre_post_ratio,
480,S1_2016_2,VH_VV_ratio_change,
482,S1_2016_2,VH_VV_ratio_change,
483,S1_2016_2,VH_VV_ratio_change,
501,S1_2016_2,VH_VV_ratio_change,
904,S1_2016_2,VH_VV_ratio_change,
480,S1_2016_7,VV,-7.898666858673096
482,S1_2016_7,VV,-9.258453369140625
483,S1_2016_7,VV,-6.255270004272461
501,S1_2016_7,VV,-9.368399620056152
904,S1_2016_7,VV,-7.560726642608643
480,S1_2016_7,VH,-13.834672927856445
482,S1_2016_7,VH,-13.951517105102539
483,S1_2016_7,VH,-15.279386520385742
501,S1_2016_7,VH,-15.350330352783203
904,S1_2016_7,VH,-13.892119407653809
480,S1_2016_7,angle,45.13563919067383
482,S1_2016_7,angle,45.06735610961914
483,S1_2016_7,angle,45.088478088378906
501,S1_2016_7,angle,45.42451858520508
904,S1_2016_7,angle,45.19486618041992
480,S1_2016_7,VV_VH_Ratio,5.936006069183351
482,S1_2016_7,VV_VH_Ratio,4.693063735961915
483,S1_2016_7,VV_VH_Ratio,9.024116516113281
501,S1_2016_7,VV_VH_Ratio,5.981930732727051
904,S1_2016_7,VV_VH_Ratio,6.331392765045166
480,S1_2016_7,VV_pre_post_ratio,0.6276607513427733
482,S1_2016_7,VV_pre_post_ratio,1.0583028793334965
483,S1_2016_7,VV_pre_post_ratio,0.10126113891601592
501,S1_2016_7,VV_pre_post_ratio,1.037688255310059
904,S1_2016_7,VV_pre_post_ratio,1.7739281654357901
480,S1_2016_7,VH_pre_post_ratio,-0.013687133789062087
482,S1_2016_7,VH_pre_post_ratio,-0.6751461029052728
483,S1_2016_7,VH_pre_post_ratio,1.230663299560548
501,S1_2016_7,VH_pre_post_ratio,0.2633543014526366
904,S1_2016_7,VH_pre_post_ratio,0.8214464187622086
480,S1_2016_7,VH_VV_ratio_change,-0.6413478851318354
482,S1_2016_7,VH_VV_ratio_change,-1.7334489822387689
483,S1_2016_7,VH_VV_ratio_change,1.1294021606445321
501,S1_2016_7,VH_VV_ratio_change,-0.7743339538574232
904,S1_2016_7,VH_VV_ratio_change,-0.9524817466735818
480,S1_2017_25,VV,-5.747300148010254
482,S1_2017_25,VV,-8.19160270690918
483,S1_2017_25,VV,-6.261419773101807
501,S1_2017_25,VV,-8.149420738220215
904,S1_2017_25,VV,-5.205785751342773
480,S1_2017_25,VH,-12.183958053588867
482,S1_2017_25,VH,-13.17103099822998
483,S1_2017_25,VH,-12.891983985900879
501,S1_2017_25,VH,-14.223929405212402
904,S1_2017_25,VH,-12.803462028503418
480,S1_2017_25,angle,45.13801193237305
482,S1_2017_25,angle,45.0684814453125
483,S1_2017_25,angle,45.090858459472656
501,S1_2017_25,angle,45.42710876464844
904,S1_2017_25,angle,45.19750213623047
480,S1_2017_25,VV_VH_Ratio,6.436657905578614
482,S1_2017_25,VV_VH_Ratio,4.979428291320799
483,S1_2017_25,VV_VH_Ratio,6.630564212799072
501,S1_2017_25,VV_VH_Ratio,6.074508666992189
904,S1_2017_25,VV_VH_Ratio,7.597676277160646
480,S1_2017_25,VV_pre_post_ratio,
482,S1_2017_25,VV_pre_post_ratio,
483,S1_2017_25,VV_pre_post_ratio,
501,S1_2017_25,VV_pre_post_ratio,
904,S1_2017_25,VV_pre_post_ratio,
480,S1_2017_25,VH_pre_post_ratio,
482,S1_2017_25,VH_pre_post_ratio,
483,S1_2017_25,VH_pre_post_ratio,
501,S1_2017_25,VH_pre_post_ratio,
904,S1_2017_25,VH_pre_post_ratio,
480,S1_2017_25,VH_VV_ratio_change,
482,S1_2017_25,VH_VV_ratio_change,
483,S1_2017_25,VH_VV_ratio_change,
501,S1_2017_25,VH_VV_ratio_change,
904,S1_2017_25,VH_VV_ratio_change,
480,S1_2019_0,VV,-7.426638126373291
482,S1_2019_0,VV,-8.59026050567627
483,S1_2019_0,VV,-7.665879249572754
501,S1_2019_0,VV,-8.255681037902832
904,S1_2019_0,VV,-8.38487720489502
480,S1_2019_0,VH,-13.296773910522461
482,S1_2019_0,VH,-15.377964973449707
483,S1_2019_0,VH,-14.049427032470703
501,S1_2019_0,VH,-16.336973190307617
904,S1_2019_0,VH,-14.261791229248047
480,S1_2019_0,angle,45.472991943359375
482,S1_2019_0,angle,45.40522003173828
483,S1_2019_0,angle,45.42587661743164
501,S1_2019_0,angle,45.75990295410156
904,S1_2019_0,angle,45.53217315673828
480,S1_2019_0,VV_VH_Ratio,5.870135784149171
482,S1_2019_0,VV_VH_Ratio,6.7877044677734375
483,S1_2019_0,VV_VH_Ratio,6.383547782897949
501,S1_2019_0,VV_VH_Ratio,8.081292152404785
904,S1_2019_0,VV_VH_Ratio,5.876914024353027
480,S1_2019_0,VV_pre_post_ratio,
482,S1_2019_0,VV_pre_post_ratio,
483,S1_2019_0,VV_pre_post_ratio,
501,S1_2019_0,VV_pre_post_ratio,
904,S1_2019_0,VV_pre_post_ratio,
480,S1_2019_0,VH_pre_post_ratio,
482,S1_2019_0,VH_pre_post_ratio,
483,S1_2019_0,VH_pre_post_ratio,
501,S1_2019_0,VH_pre_post_ratio,
904,S1_2019_0,VH_pre_post_ratio,
480,S1_2019_0,VH_VV_ratio_change,
482,S1_2019_0,VH_VV_ratio_change,
483,S1_2019_0,VH_VV_ratio_change,
501,S1_2019_0,VH_VV_ratio_change,
904,S1_2019_0,VH_VV_ratio_change,
480,S1_2019_12,VV,-7.54595947265625
482,S1_2019_12,VV,-9.05832576751709
483,S1_2019_12,VV,-6.5626044273376465
501,S1_2019_12,VV,-8.825793266296387
904,S1_2019_12,VV,-7.958300590515137
480,S1_2019_12,VH,-13.347001075744629
482,S1_2019_12,VH,-14.805771827697754
483,S1_2019_12,VH,-13.320144653320312
501,S1_2019_12,VH,-15.876649856567383
904,S1_2019_12,VH,-14.396068572998047
480,S1_2019_12,angle,45.47711944580078
482,S1_2019_12,angle,45.40813446044922
483,S1_2019_12,angle,45.43030548095703
501,S1_2019_12,angle,45.762718200683594
904,S1_2019_12,angle,45.53508377075195
480,S1_2019_12,VV_VH_Ratio,5.801041603088379
482,S1_2019_12,VV_VH_Ratio,5.747446060180663
483,S1_2019_12,VV_VH_Ratio,6.757540225982666
501,S1_2019_12,VV_VH_Ratio,7.050856590270995
904,S1_2019_12,VV_VH_Ratio,6.437767982482908
480,S1_2019_12,VV_pre_post_ratio,
482,S1_2019_12,VV_pre_post_ratio,
483,S1_2019_12,VV_pre_post_ratio,
501,S1_2019_12,VV_pre_post_ratio,
904,S1_2019_12,VV_pre_post_ratio,
480,S1_2019_12,VH_pre_post_ratio,
482,S1_2019_12,VH_pre_post_ratio,
483,S1_2019_12,VH_pre_post_ratio,
501,S1_2019_12,VH_pre_post_ratio,
904,S1_2019_12,VH_pre_post_ratio,
480,S1_2019_12,VH_VV_ratio_change,
482,S1_2019_12,VH_VV_ratio_change,
483,S1_2019_12,VH_VV_ratio_change,
501,S1_2019_12,VH_VV_ratio_change,
904,S1_2019_12,VH_VV_ratio_change,
480,S1_2019_24,VV,-6.077075004577637
482,S1_2019_24,VV,-8.57828140258789
483,S1_2019_24,VV,-5.06494665145874
501,S1_2019_24,VV,-8.38842487335205
904,S1_2019_24,VV,-4.138016223907471
480,S1_2019_24,VH,-12.672626495361328
482,S1_2019_24,VH,-14.420750617980957
483,S1_2019_24,VH,-12.45681381225586
501,S1_2019_24,VH,-14.201457977294922
904,S1_2019_24,VH,-12.934503555297852
480,S1_2019_24,angle,45.477203369140625
482,S1_2019_24,angle,45.4082145690918
483,S1_2019_24,angle,45.43008804321289
501,S1_2019_24,angle,45.76248550415039
904,S1_2019_24,angle,45.536376953125
480,S1_2019_24,VV_VH_Ratio,6.595551490783691
482,S1_2019_24,VV_VH_Ratio,5.842469215393066
483,S1_2019_24,VV_VH_Ratio,7.39186716079712
501,S1_2019_24,VV_VH_Ratio,5.813033103942872
904,S1_2019_24,VV_VH_Ratio,8.79648733139038
480,S1_2019_24,VV_pre_post_ratio,
482,S1_2019_24,VV_pre_post_ratio,
483,S1_2019_24,VV_pre_post_ratio,
501,S1_2019_24,VV_pre_post_ratio,
904,S1_2019_24,VV_pre_post_ratio,
480,S1_2019_24,VH_pre_post_ratio,
482,S1_2019_24,VH_pre_post_ratio,
483,S1_2019_24,VH_pre_post_ratio,
501,S1_2019_24,VH_pre_post_ratio,
904,S1_2019_24,VH_pre_post_ratio,
480,S1_2019_24,VH_VV_ratio_change,
482,S1_2019_24,VH_VV_ratio_change,
483,S1_2019_24,VH_VV_ratio_change,
501,S1_2019_24,VH_VV_ratio_change,
904,S1_2019_24,VH_VV_ratio_change,
480,S1_2019_4,VV,-7.897215366363525
482,S1_2019_4,VV,-8.942342758178711
483,S1_2019_4,VV,-7.459382057189941
501,S1_2019_4,VV,-9.094111442565918
904,S1_2019_4,VV,-7.495945930480957
480,S1_2019_4,VH,-13.74101734161377
482,S1_2019_4,VH,-15.175558090209961
483,S1_2019_4,VH,-13.888976097106934
501,S1_2019_4,VH,-15.65505313873291
904,S1_2019_4,VH,-14.394139289855957
480,S1_2019_4,angle,45.47642135620117
482,S1_2019_4,angle,45.408653259277344
483,S1_2019_4,angle,45.4293098449707
501,S1_2019_4,angle,45.76328659057617
904,S1_2019_4,angle,45.53559875488281
480,S1_2019_4,VV_VH_Ratio,5.843801975250243
482,S1_2019_4,VV_VH_Ratio,6.233215332031251
483,S1_2019_4,VV_VH_Ratio,6.429594039916991
501,S1_2019_4,VV_VH_Ratio,6.560941696166993
904,S1_2019_4,VV_VH_Ratio,6.898193359374999
480,S1_2019_4,VV_pre_post_ratio,
482,S1_2019_4,VV_pre_post_ratio,
483,S1_2019_4,VV_pre_post_ratio,
501,S1_2019_4,VV_pre_post_ratio,
904,S1_2019_4,VV_pre_post_ratio,
480,S1_2019_4,VH_pre_post_ratio,
482,S1_2019_4,VH_pre_post_ratio,
483,S1_2019_4,VH_pre_post_ratio,
501,S1_2019_4,VH_pre_post_ratio,
904,S1_2019_4,VH_pre_post_ratio,
480,S1_2019_4,VH_VV_ratio_change,
482,S1_2019_4,VH_VV_ratio_change,
483,S1_2019_4,VH_VV_ratio_change,
501,S1_2019_4,VH_VV_ratio_change,
904,S1_2019_4,VH_VV_ratio_change,
480,S1_2019_49,VV,-6.943652629852295
482,S1_2019_49,VV,-9.28947639465332
483,S1_2019_49,VV,-7.6428680419921875
501,S1_2019_49,VV,-9.429339408874512
904,S1_2019_49,VV,-7.6000494956970215
480,S1_2019_49,VH,-12.904276847839355
482,S1_2019_49,VH,-14.786096572875977
483,S1_2019_49,VH,-14.690927505493164
501,S1_2019_49,VH,-15.898283004760742
904,S1_2019_49,VH,-14.060673713684082
480,S1_2019_49,angle,45.478179931640625
482,S1_2019_49,angle,45.408897399902344
483,S1_2019_49,angle,45.431068420410156
501,S1_2019_49,angle,45.76345443725586
904,S1_2019_49,angle,45.537353515625
480,S1_2019_49,VV_VH_Ratio,5.9606242179870605
482,S1_2019_49,VV_VH_Ratio,5.496620178222659
483,S1_2019_49,VV_VH_Ratio,7.048059463500974
501,S1_2019_49,VV_VH_Ratio,6.4689435958862305
904,S1_2019_49,VV_VH_Ratio,6.4606242179870605
480,S1_2019_49,VV_pre_post_ratio,
482,S1_2019_49,VV_pre_post_ratio,
483,S1_2019_49,VV_pre_post_ratio,
501,S1_2019_49,VV_pre_post_ratio,
904,S1_2019_49,VV_pre_post_ratio,
480,S1_2019_49,VH_pre_post_ratio,
482,S1_2019_49,VH_pre_post_ratio,
483,S1_2019_49,VH_pre_post_ratio,
501,S1_2019_49,VH_pre_post_ratio,
904,S1_2019_49,VH_pre_post_ratio,
480,S1_2019_49,VH_VV_ratio_change,
482,S1_2019_49,VH_VV_ratio_change,
483,S1_2019_49,VH_VV_ratio_change,
501,S1_2019_49,VH_VV_ratio_change,
904,S1_2019_49,VH_VV_ratio_change,
480,S1_2020_100,VV,-6.440152645111084
482,S1_2020_100,VV,-8.249347686767578
483,S1_2020_100,VV,-6.70814847946167
501,S1_2020_100,VV,-7.836061000823975
904,S1_2020_100,VV,-5.966699600219727
480,S1_2020_100,VH,-13.342705726623535
482,S1_2020_100,VH,-14.631083488464355
483,S1_2020_100,VH,-13.498510360717773
501,S1_2020_100,VH,-14.861685752868652
904,S1_2020_100,VH,-13.431502342224121
480,S1_2020_100,angle,44.85686492919922
482,S1_2020_100,angle,44.7916145324707
483,S1_2020_100,angle,44.8122673034668
501,S1_2020_100,angle,45.138668060302734
904,S1_2020_100,angle,44.91300582885742
480,S1_2020_100,VV_VH_Ratio,6.902553081512453
482,S1_2020_100,VV_VH_Ratio,6.381735801696777
483,S1_2020_100,VV_VH_Ratio,6.790361881256103
501,S1_2020_100,VV_VH_Ratio,7.025624752044677
904,S1_2020_100,VV_VH_Ratio,7.4648027420043945
480,S1_2020_100,VV_pre_post_ratio,
482,S1_2020_100,VV_pre_post_ratio,
483,S1_2020_100,VV_pre_post_ratio,
501,S1_2020_100,VV_pre_post_ratio,
904,S1_2020_100,VV_pre_post_ratio,
480,S1_2020_100,VH_pre_post_ratio,
482,S1_2020_100,VH_pre_post_ratio,
483,S1_2020_100,VH_pre_post_ratio,
501,S1_2020_100,VH_pre_post_ratio,
904,S1_2020_100,VH_pre_post_ratio,
480,S1_2020_100,VH_VV_ratio_change,
482,S1_2020_100,VH_VV_ratio_change,
483,S1_2020_100,VH_VV_ratio_change,
501,S1_2020_100,VH_VV_ratio_change,
904,S1_2020_100,VH_VV_ratio_change,
480,S1_2020_11,VV,-7.733273506164551
482,S1_2020_11,VV,-9.553093910217285
483,S1_2020_11,VV,-7.291399002075195
501,S1_2020_11,VV,-9.433269500732422
904,S1_2020_11,VV,-7.679788112640381
480,S1_2020_11,VH,-14.032833099365234
482,S1_2020_11,VH,-15.069987297058105
483,S1_2020_11,VH,-14.064565658569336
501,S1_2020_11,VH,-15.520275115966797
904,S1_2020_11,VH,-14.241765022277832
480,S1_2020_11,angle,44.854312896728516
482,S1_2020_11,angle,44.78783416748047
483,S1_2020_11,angle,44.80972671508789
501,S1_2020_11,angle,45.134613037109375
904,S1_2020_11,angle,44.90895462036133
480,S1_2020_11,VV_VH_Ratio,6.299559593200684
482,S1_2020_11,VV_VH_Ratio,5.51689338684082
483,S1_2020_11,VV_VH_Ratio,6.7731666564941415
501,S1_2020_11,VV_VH_Ratio,6.087005615234375
904,S1_2020_11,VV_VH_Ratio,6.561976909637451
480,S1_2020_11,VV_pre_post_ratio,
482,S1_2020_11,VV_pre_post_ratio,
483,S1_2020_11,VV_pre_post_ratio,
501,S1_2020_11,VV_pre_post_ratio,
904,S1_2020_11,VV_pre_post_ratio,
480,S1_2020_11,VH_pre_post_ratio,
482,S1_2020_11,VH_pre_post_ratio,
483,S1_2020_11,VH_pre_post_ratio,
501,S1_2020_11,VH_pre_post_ratio,
904,S1_2020_11,VH_pre_post_ratio,
480,S1_2020_11,VH_VV_ratio_change,
482,S1_2020_11,VH_VV_ratio_change,
483,S1_2020_11,VH_VV_ratio_change,
501,S1_2020_11,VH_VV_ratio_change,
904,S1_2020_11,VH_VV_ratio_change,
480,S1_2020_20,VV,
482,S1_2020_20,VV,
483,S1_2020_20,VV,
501,S1_2020_20,VV,
904,S1_2020_20,VV,
480,S1_2020_20,VH,
482,S1_2020_20,VH,
483,S1_2020_20,VH,
501,S1_2020_20,VH,
904,S1_2020_20,VH,
480,S1_2020_20,angle,45.180335998535156
482,S1_2020_20,angle,45.11341857910156
483,S1_2020_20,angle,45.134769439697266
501,S1_2020_20,angle,45.458335876464844
904,S1_2020_20,angle,45.237545013427734
480,S1_2020_20,VV_VH_Ratio,
482,S1_2020_20,VV_VH_Ratio,
483,S1_2020_20,VV_VH_Ratio,
501,S1_2020_20,VV_VH_Ratio,
904,S1_2020_20,VV_VH_Ratio,
480,S1_2020_20,VV_pre_post_ratio,
482,S1_2020_20,VV_pre_post_ratio,
483,S1_2020_20,VV_pre_post_ratio,
501,S1_2020_20,VV_pre_post_ratio,
904,S1_2020_20,VV_pre_post_ratio,
480,S1_2020_20,VH_pre_post_ratio,
482,S1_2020_20,VH_pre_post_ratio,
483,S1_2020_20,VH_pre_post_ratio,
501,S1_2020_20,VH_pre_post_ratio,
904,S1_2020_20,VH_pre_post_ratio,
480,S1_2020_20,VH_VV_ratio_change,
482,S1_2020_20,VH_VV_ratio_change,
483,S1_2020_20,VH_VV_ratio_change,
501,S1_2020_20,VH_VV_ratio_change,
904,S1_2020_20,VH_VV_ratio_change,
480,S1_2020_26,VV,-8.201217651367188
482,S1_2020_26,VV,-9.1088285446167
483,S1_2020_26,VV,-6.691018581390381
501,S1_2020_26,VV,-9.518328666687012
904,S1_2020_26,VV,-6.027544975280762
480,S1_2020_26,VH,-14.021929740905762
482,S1_2020_26,VH,-15.342723846435547
483,S1_2020_26,VH,-11.321396827697754
501,S1_2020_26,VH,-15.531962394714355
904,S1_2020_26,VH,-12.99007797241211
480,S1_2020_26,angle,44.85430908203125
482,S1_2020_26,angle,44.78908157348633
483,S1_2020_26,angle,44.80972671508789
501,S1_2020_26,angle,45.13456344604492
904,S1_2020_26,angle,44.91044235229492
480,S1_2020_26,VV_VH_Ratio,5.820712089538572
482,S1_2020_26,VV_VH_Ratio,6.233895301818847
483,S1_2020_26,VV_VH_Ratio,4.630378246307373
501,S1_2020_26,VV_VH_Ratio,6.013633728027345
904,S1_2020_26,VV_VH_Ratio,6.962532997131347
480,S1_2020_26,VV_pre_post_ratio,
482,S1_2020_26,VV_pre_post_ratio,
483,S1_2020_26,VV_pre_post_ratio,
501,S1_2020_26,VV_pre_post_ratio,
904,S1_2020_26,VV_pre_post_ratio,
480,S1_2020_26,VH_pre_post_ratio,
482,S1_2020_26,VH_pre_post_ratio,
483,S1_2020_26,VH_pre_post_ratio,
501,S1_2020_26,VH_pre_post_ratio,
904,S1_2020_26,VH_pre_post_ratio,
480,S1_2020_26,VH_VV_ratio_change,
482,S1_2020_26,VH_VV_ratio_change,
483,S1_2020_26,VH_VV_ratio_change,
501,S1_2020_26,VH_VV_ratio_change,
904,S1_2020_26,VH_VV_ratio_change,
480,S1_2020_70,VV,
482,S1_2020_70,VV,
483,S1_2020_70,VV,
501,S1_2020_70,VV,
904,S1_2020_70,VV,
480,S1_2020_70,VH,
482,S1_2020_70,VH,
483,S1_2020_70,VH,
501,S1_2020_70,VH,
904,S1_2020_70,VH,
480,S1_2020_70,angle,45.18186569213867
482,S1_2020_70,angle,45.11494445800781
483,S1_2020_70,angle,45.13629913330078
501,S1_2020_70,angle,45.459861755371094
904,S1_2020_70,angle,45.239070892333984
480,S1_2020_70,VV_VH_Ratio,
482,S1_2020_70,VV_VH_Ratio,
483,S1_2020_70,VV_VH_Ratio,
501,S1_2020_70,VV_VH_Ratio,
904,S1_2020_70,VV_VH_Ratio,
480,S1_2020_70,VV_pre_post_ratio,
482,S1_2020_70,VV_pre_post_ratio,
483,S1_2020_70,VV_pre_post_ratio,
501,S1_2020_70,VV_pre_post_ratio,
904,S1_2020_70,VV_pre_post_ratio,
480,S1_2020_70,VH_pre_post_ratio,
482,S1_2020_70,VH_pre_post_ratio,
483,S1_2020_70,VH_pre_post_ratio,
501,S1_2020_70,VH_pre_post_ratio,
904,S1_2020_70,VH_pre_post_ratio,
480,S1_2020_70,VH_VV_ratio_change,
482,S1_2020_70,VH_VV_ratio_change,
483,S1_2020_70,VH_VV_ratio_change,
501,S1_2020_70,VH_VV_ratio_change,
904,S1_2020_70,VH_VV_ratio_change,
480,S1_2021_12,VV,-7.867800712585449
482,S1_2021_12,VV,-9.529885292053223
483,S1_2021_12,VV,-6.057526111602783
501,S1_2021_12,VV,-7.617046356201172
904,S1_2021_12,VV,-7.079936504364014
480,S1_2021_12,VH,-13.680941581726074
482,S1_2021_12,VH,-15.207547187805176
483,S1_2021_12,VH,-13.488275527954102
501,S1_2021_12,VH,-14.829106330871582
904,S1_2021_12,VH,-13.549184799194336
480,S1_2021_12,angle,44.855567932128906
482,S1_2021_12,angle,44.790321350097656
483,S1_2021_12,angle,44.810970306396484
501,S1_2021_12,angle,45.137351989746094
904,S1_2021_12,angle,44.91170120239258
480,S1_2021_12,VV_VH_Ratio,5.813140869140625
482,S1_2021_12,VV_VH_Ratio,5.677661895751952
483,S1_2021_12,VV_VH_Ratio,7.4307494163513175
501,S1_2021_12,VV_VH_Ratio,7.21205997467041
904,S1_2021_12,VV_VH_Ratio,6.469248294830322
480,S1_2021_12,VV_pre_post_ratio,
482,S1_2021_12,VV_pre_post_ratio,
483,S1_2021_12,VV_pre_post_ratio,
501,S1_2021_12,VV_pre_post_ratio,
904,S1_2021_12,VV_pre_post_ratio,
480,S1_2021_12,VH_pre_post_ratio,
482,S1_2021_12,VH_pre_post_ratio,
483,S1_2021_12,VH_pre_post_ratio,
501,S1_2021_12,VH_pre_post_ratio,
904,S1_2021_12,VH_pre_post_ratio,
480,S1_2021_12,VH_VV_ratio_change,
482,S1_2021_12,VH_VV_ratio_change,
483,S1_2021_12,VH_VV_ratio_change,
501,S1_2021_12,VH_VV_ratio_change,
904,S1_2021_12,VH_VV_ratio_change,
480,S1_2021_20,VV,-8.061619758605957
482,S1_2021_20,VV,-9.204400062561035
483,S1_2021_20,VV,-6.0836005210876465
501,S1_2021_20,VV,-8.270895004272461
904,S1_2021_20,VV,-5.978241443634033
480,S1_2021_20,VH,-14.606778144836426
482,S1_2021_20,VH,-14.825882911682129
483,S1_2021_20,VH,-14.07376480102539
501,S1_2021_20,VH,-14.251595497131348
904,S1_2021_20,VH,-13.61649227142334
480,S1_2021_20,angle,44.84978103637695
482,S1_2021_20,angle,44.7845573425293
483,S1_2021_20,angle,44.805198669433594
501,S1_2021_20,angle,45.130043029785156
904,S1_2021_20,angle,44.90590286254883
480,S1_2021_20,VV_VH_Ratio,6.545158386230469
482,S1_2021_20,VV_VH_Ratio,5.621482849121094
483,S1_2021_20,VV_VH_Ratio,7.990164279937744
501,S1_2021_20,VV_VH_Ratio,5.9807004928588885
904,S1_2021_20,VV_VH_Ratio,7.638250827789306
480,S1_2021_20,VV_pre_post_ratio,
482,S1_2021_20,VV_pre_post_ratio,
483,S1_2021_20,VV_pre_post_ratio,
501,S1_2021_20,VV_pre_post_ratio,
904,S1_2021_20,VV_pre_post_ratio,
480,S1_2021_20,VH_pre_post_ratio,
482,S1_2021_20,VH_pre_post_ratio,
483,S1_2021_20,VH_pre_post_ratio,
501,S1_2021_20,VH_pre_post_ratio,
904,S1_2021_20,VH_pre_post_ratio,
480,S1_2021_20,VH_VV_ratio_change,
482,S1_2021_20,VH_VV_ratio_change,
483,S1_2021_20,VH_VV_ratio_change,
501,S1_2021_20,VH_VV_ratio_change,
904,S1_2021_20,VH_VV_ratio_change,
480,S1_2021_24,VV,-7.476919174194336
482,S1_2021_24,VV,-9.34224796295166
483,S1_2021_24,VV,-6.871060848236084
501,S1_2021_24,VV,-8.267804145812988
904,S1_2021_24,VV,-6.89797306060791
480,S1_2021_24,VH,-13.880108833312988
482,S1_2021_24,VH,-15.072627067565918
483,S1_2021_24,VH,-14.200096130371094
501,S1_2021_24,VH,-16.351259231567383
904,S1_2021_24,VH,-13.001326560974121
480,S1_2021_24,angle,44.854583740234375
482,S1_2021_24,angle,44.78787612915039
483,S1_2021_24,angle,44.810001373291016
501,S1_2021_24,angle,45.134849548339844
904,S1_2021_24,angle,44.91070556640625
480,S1_2021_24,VV_VH_Ratio,6.403189659118651
482,S1_2021_24,VV_VH_Ratio,5.730379104614258
483,S1_2021_24,VV_VH_Ratio,7.32903528213501
501,S1_2021_24,VV_VH_Ratio,8.083455085754395
904,S1_2021_24,VV_VH_Ratio,6.10335350036621
480,S1_2021_24,VV_pre_post_ratio,
482,S1_2021_24,VV_pre_post_ratio,
483,S1_2021_24,VV_pre_post_ratio,
501,S1_2021_24,VV_pre_post_ratio,
904,S1_2021_24,VV_pre_post_ratio,
480,S1_2021_24,VH_pre_post_ratio,
482,S1_2021_24,VH_pre_post_ratio,
483,S1_2021_24,VH_pre_post_ratio,
501,S1_2021_24,VH_pre_post_ratio,
904,S1_2021_24,VH_pre_post_ratio,
480,S1_2021_24,VH_VV_ratio_change,
482,S1_2021_24,VH_VV_ratio_change,
483,S1_2021_24,VH_VV_ratio_change,
501,S1_2021_24,VH_VV_ratio_change,
904,S1_2021_24,VH_VV_ratio_change,
480,S1_2021_40,VV,-6.105750560760498
482,S1_2021_40,VV,-7.546982765197754
483,S1_2021_40,VV,-5.03623104095459
501,S1_2021_40,VV,-6.820141792297363
904,S1_2021_40,VV,-5.60357141494751
480,S1_2021_40,VH,-12.634604454040527
482,S1_2021_40,VH,-14.166568756103516
483,S1_2021_40,VH,-11.317479133605957
501,S1_2021_40,VH,-13.575037002563477
904,S1_2021_40,VH,-12.805577278137207
480,S1_2021_40,angle,44.852718353271484
482,S1_2021_40,angle,44.78772735595703
483,S1_2021_40,angle,44.808135986328125
501,S1_2021_40,angle,45.134490966796875
904,S1_2021_40,angle,44.908836364746094
480,S1_2021_40,VV_VH_Ratio,6.52885389328003
482,S1_2021_40,VV_VH_Ratio,6.619585990905761
483,S1_2021_40,VV_VH_Ratio,6.281248092651367
501,S1_2021_40,VV_VH_Ratio,6.754895210266114
904,S1_2021_40,VV_VH_Ratio,7.202005863189696
480,S1_2021_40,VV_pre_post_ratio,
482,S1_2021_40,VV_pre_post_ratio,
483,S1_2021_40,VV_pre_post_ratio,
501,S1_2021_40,VV_pre_post_ratio,
904,S1_2021_40,VV_pre_post_ratio,
480,S1_2021_40,VH_pre_post_ratio,
482,S1_2021_40,VH_pre_post_ratio,
483,S1_2021_40,VH_pre_post_ratio,
501,S1_2021_40,VH_pre_post_ratio,
904,S1_2021_40,VH_pre_post_ratio,
480,S1_2021_40,VH_VV_ratio_change,
482,S1_2021_40,VH_VV_ratio_change,
483,S1_2021_40,VH_VV_ratio_change,
501,S1_2021_40,VH_VV_ratio_change,
904,S1_2021_40,VH_VV_ratio_change,
480,S1_2021_76,VV,-7.66367769241333
482,S1_2021_76,VV,-8.896432876586914
483,S1_2021_76,VV,-8.02521800994873
501,S1_2021_76,VV,-9.1138334274292
904,S1_2021_76,VV,-7.749922275543213
480,S1_2021_76,VH,-14.204241752624512
482,S1_2021_76,VH,-15.735438346862793
483,S1_2021_76,VH,-10.705329895019531
501,S1_2021_76,VH,-16.88503074645996
904,S1_2021_76,VH,-13.62682819366455
480,S1_2021_76,angle,44.85493850708008
482,S1_2021_76,angle,44.78843688964844
483,S1_2021_76,angle,44.810569763183594
501,S1_2021_76,angle,45.13547897338867
904,S1_2021_76,angle,44.91129684448242
480,S1_2021_76,VV_VH_Ratio,6.54056406021118
482,S1_2021_76,VV_VH_Ratio,6.83900547027588
483,S1_2021_76,VV_VH_Ratio,2.6801118850708012
501,S1_2021_76,VV_VH_Ratio,7.771197319030763
904,S1_2021_76,VV_VH_Ratio,5.876905918121338
480,S1_2021_76,VV_pre_post_ratio,
482,S1_2021_76,VV_pre_post_ratio,
483,S1_2021_76,VV_pre_post_ratio,
501,S1_2021_76,VV_pre_post_ratio,
904,S1_2021_76,VV_pre_post_ratio,
480,S1_2021_76,VH_pre_post_ratio,
482,S1_2021_76,VH_pre_post_ratio,
483,S1_2021_76,VH_pre_post_ratio,
501,S1_2021_76,VH_pre_post_ratio,
904,S1_2021_76,VH_pre_post_ratio,
480,S1_2021_76,VH_VV_ratio_change,
482,S1_2021_76,VH_VV_ratio_change,
483,S1_2021_76,VH_VV_ratio_change,
501,S1_2021_76,VH_VV_ratio_change,
904,S1_2021_76,VH_VV_ratio_change,
480,S1_2021_83,VV,-7.883876323699951
482,S1_2021_83,VV,-9.37822437286377
483,S1_2021_83,VV,-6.595582485198975
501,S1_2021_83,VV,-7.878233432769775
904,S1_2021_83,VV,-6.890636444091797
480,S1_2021_83,VH,-13.35725212097168
482,S1_2021_83,VH,-14.651363372802734
483,S1_2021_83,VH,-12.900369644165039
501,S1_2021_83,VH,-15.517189025878906
904,S1_2021_83,VH,-13.427591323852539
480,S1_2021_83,angle,44.852359771728516
482,S1_2021_83,angle,44.78562927246094
483,S1_2021_83,angle,44.807762145996094
501,S1_2021_83,angle,45.13267517089844
904,S1_2021_83,angle,44.90848922729492
480,S1_2021_83,VV_VH_Ratio,5.473375797271728
482,S1_2021_83,VV_VH_Ratio,5.273138999938966
483,S1_2021_83,VV_VH_Ratio,6.3047871589660645
501,S1_2021_83,VV_VH_Ratio,7.63895559310913
904,S1_2021_83,VV_VH_Ratio,6.536954879760744
480,S1_2021_83,VV_pre_post_ratio,
482,S1_2021_83,VV_pre_post_ratio,
483,S1_2021_83,VV_pre_post_ratio,
501,S1_2021_83,VV_pre_post_ratio,
904,S1_2021_83,VV_pre_post_ratio,
480,S1_2021_83,VH_pre_post_ratio,
482,S1_2021_83,VH_pre_post_ratio,
483,S1_2021_83,VH_pre_post_ratio,
501,S1_2021_83,VH_pre_post_ratio,
904,S1_2021_83,VH_pre_post_ratio,
480,S1_2021_83,VH_VV_ratio_change,
482,S1_2021_83,VH_VV_ratio_change,
483,S1_2021_83,VH_VV_ratio_change,
501,S1_2021_83,VH_VV_ratio_change,
904,S1_2021_83,VH_VV_ratio_change,
