folder,file,path,total_px_aoi,bands_used,valid_allbands_px,valid_allbands_pct,null_anyband_px,null_anyband_pct,geom_match_ref,band_mapping,band_confidence,VV_valid_px,VV_valid_pct,VV_null_px,VV_null_pct,VH_valid_px,VH_valid_pct,VH_null_px,VH_null_pct,angle_valid_px,angle_valid_pct,angle_null_px,angle_null_pct,VVVH_ratio_valid_px,VVVH_ratio_valid_pct,VVVH_ratio_null_px,VVVH_ratio_null_pct
S1_2015_05,S1_2015_1.tif,D:\Maestria_Geomatica\Semestre_IV\Tesis_Python\Datos\TIFF\S1\S1_2015_05\S1_2015_1.tif,4837824,"VV,VH,angle,VVVH_ratio",82951,1.7146345133679934,4754873,98.285365486632,True,"{""angle"": 3, ""VV_Difference"": 1, ""VVVH_ratio"": 4, ""VV"": 5, ""VH"": 2}","{""angle"": 0.85, ""VV_Difference"": 0.8, ""VVVH_ratio"": 0.75, ""VV"": 0.7, ""VH"": 0.7}",82951,1.7146345133679934,4754873,98.285365486632,85658,1.77058942202114,4752166,98.22941057797885,886225,18.318669715971478,3951599,81.68133028402852,85658,1.77058942202114,4752166,98.22941057797885
S1_2015_05,S1_2015_2.tif,D:\Maestria_Geomatica\Semestre_IV\Tesis_Python\Datos\TIFF\S1\S1_2015_05\S1_2015_2.tif,4836008,"VV,VH,angle,VVVH_ratio",1214224,25.107981624513442,3621784,74.89201837548656,False,"{""angle"": 3, ""VV_Difference"": 2, ""VVVH_ratio"": 4, ""VV"": 5, ""VH"": 1}","{""angle"": 0.85, ""VV_Difference"": 0.8, ""VVVH_ratio"": 0.75, ""VV"": 0.7, ""VH"": 0.7}",1214224,25.107981624513442,3621784,74.89201837548656,1239149,25.623386065531736,3596859,74.37661393446827,1491285,30.83710779634773,3344723,69.16289220365226,1239149,25.623386065531736,3596859,74.37661393446827
S1_2015_09,S1_2015_4.tif,D:\Maestria_Geomatica\Semestre_IV\Tesis_Python\Datos\TIFF\S1\S1_2015_09\S1_2015_4.tif,4837824,"VV,VH,angle,VVVH_ratio",1327162,27.433036009577858,3510662,72.56696399042214,True,"{""angle"": 3, ""VV_Difference"": 2, ""VVVH_ratio"": 4, ""VV"": 5, ""VH"": 1}","{""angle"": 0.85, ""VV_Difference"": 0.8, ""VVVH_ratio"": 0.75, ""VV"": 0.7, ""VH"": 0.7}",1327162,27.433036009577858,3510662,72.56696399042214,1354946,28.007343797542035,3482878,71.99265620245797,1449662,29.965166157346776,3388162,70.03483384265323,1354946,28.007343797542035,3482878,71.99265620245797
S1_2015_11,S1_2015_5.tif,D:\Maestria_Geomatica\Semestre_IV\Tesis_Python\Datos\TIFF\S1\S1_2015_11\S1_2015_5.tif,4836008,"VV,VH,angle,VVVH_ratio",1325275,27.404317776149252,3510733,72.59568222385074,True,"{""angle"": 3, ""VV_Difference"": 2, ""VVVH_ratio"": 4, ""VV"": 5, ""VH"": 1}","{""angle"": 0.85, ""VV_Difference"": 0.8, ""VVVH_ratio"": 0.75, ""VV"": 0.7, ""VH"": 0.7}",1325275,27.404317776149252,3510733,72.59568222385074,1353034,27.978324270762165,3482974,72.02167572923783,1451505,30.014528511946217,3384503,69.98547148805379,1353034,27.978324270762165,3482974,72.02167572923783
S1_2016_03,S1_2016_2.tif,D:\Maestria_Geomatica\Semestre_IV\Tesis_Python\Datos\TIFF\S1\S1_2016_03\S1_2016_2.tif,4836008,"VV,VH,angle,VVVH_ratio",819978,16.95567914693276,4016030,83.04432085306723,True,"{""angle"": 3, ""VV_Difference"": 2, ""VV"": 1, ""VH"": 4, ""VVVH_ratio"": 5}","{""angle"": 0.85, ""VV_Difference"": 0.8, ""VVVH_ratio"": 0.05, ""VV"": 0.3, ""VH"": 0.3}",1347608,27.8661242909441,3488400,72.1338757090559,1347608,27.8661242909441,3488400,72.1338757090559,1547738,32.00445491405308,3288270,67.99554508594692,819978,16.95567914693276,4016030,83.04432085306723
S1_2016_09,S1_2016_6.tif,D:\Maestria_Geomatica\Semestre_IV\Tesis_Python\Datos\TIFF\S1\S1_2016_09\S1_2016_6.tif,4836008,"VV,VH,angle,VVVH_ratio",822716,17.01229609214873,4013292,82.98770390785127,True,"{""angle"": 3, ""VV_Difference"": 2, ""VVVH_ratio"": 4, ""VV"": 5, ""VH"": 1}","{""angle"": 0.85, ""VV_Difference"": 0.8, ""VVVH_ratio"": 0.75, ""VV"": 0.7, ""VH"": 0.7}",822716,17.01229609214873,4013292,82.98770390785127,1352195,27.96097525066129,3483813,72.03902474933871,1423172,29.428652723485982,3412836,70.57134727651402,1352195,27.96097525066129,3483813,72.03902474933871
S1_2016_09,S1_2016_7.tif,D:\Maestria_Geomatica\Semestre_IV\Tesis_Python\Datos\TIFF\S1\S1_2016_09\S1_2016_7.tif,4837824,"VV,VH,angle,VVVH_ratio",823585,17.023872716328665,4014239,82.97612728367133,False,"{""angle"": 3, ""VV_Difference"": 2, ""VVVH_ratio"": 4, ""VV"": 5, ""VH"": 1}","{""angle"": 0.85, ""VV_Difference"": 0.8, ""VVVH_ratio"": 0.75, ""VV"": 0.7, ""VH"": 0.7}",823585,17.023872716328665,4014239,82.97612728367133,1353861,27.984916359090366,3483963,72.01508364090964,1453501,30.044520015610324,3384323,69.95547998438968,1353861,27.984916359090366,3483963,72.01508364090964
S1_2016_11,S1_2016_13.tif,D:\Maestria_Geomatica\Semestre_IV\Tesis_Python\Datos\TIFF\S1\S1_2016_11\S1_2016_13.tif,4836008,"VV,VH,angle,VVVH_ratio",821268,16.98235404077082,4014740,83.01764595922918,True,"{""angle"": 3, ""VV_Difference"": 2, ""VVVH_ratio"": 4, ""VV"": 5, ""VH"": 1}","{""angle"": 0.85, ""VV_Difference"": 0.8, ""VVVH_ratio"": 0.75, ""VV"": 0.7, ""VH"": 0.7}",821268,16.98235404077082,4014740,83.01764595922918,1349729,27.909982779184816,3486279,72.09001722081518,1450161,29.98673699464517,3385847,70.01326300535483,1349729,27.909982779184816,3486279,72.09001722081518
S1_2016_11,S1_2016_16.tif,D:\Maestria_Geomatica\Semestre_IV\Tesis_Python\Datos\TIFF\S1\S1_2016_11\S1_2016_16.tif,4836008,"VV,VH,angle,VVVH_ratio",824733,17.054004046312578,4011275,82.94599595368742,False,"{""angle"": 3, ""VV_Difference"": 2, ""VVVH_ratio"": 4, ""VV"": 1, ""VH"": 5}","{""angle"": 0.85, ""VV_Difference"": 0.8, ""VVVH_ratio"": 0.75, ""VV"": 0.7, ""VH"": 0.7}",1355731,28.034093409274757,3480277,71.96590659072524,824733,17.054004046312578,4011275,82.94599595368742,1456265,30.112956802387423,3379743,69.88704319761257,1355731,28.034093409274757,3480277,71.96590659072524
S1_2016_12,S1_2016_19.tif,D:\Maestria_Geomatica\Semestre_IV\Tesis_Python\Datos\TIFF\S1\S1_2016_12\S1_2016_19.tif,4836008,"VV,VH,angle,VVVH_ratio",821662,16.990501256408177,4014346,83.00949874359182,True,"{""angle"": 3, ""VV_Difference"": 2, ""VVVH_ratio"": 4, ""VV"": 1, ""VH"": 5}","{""angle"": 0.85, ""VV_Difference"": 0.8, ""VVVH_ratio"": 0.75, ""VV"": 0.7, ""VH"": 0.7}",1350292,27.921624612697084,3485716,72.07837538730291,821662,16.990501256408177,4014346,83.00949874359182,1451340,30.011116606920417,3384668,69.98888339307958,1350292,27.921624612697084,3485716,72.07837538730291
S1_2017_05,S1_2017_22.tif,D:\Maestria_Geomatica\Semestre_IV\Tesis_Python\Datos\TIFF\S1\S1_2017_05\S1_2017_22.tif,4836008,"VV,VH,angle,VVVH_ratio",819239,16.94039794805964,4016769,83.05960205194036,True,"{""angle"": 3, ""VV_Difference"": 2, ""VVVH_ratio"": 4, ""VV"": 5, ""VH"": 1}","{""angle"": 0.85, ""VV_Difference"": 0.8, ""VVVH_ratio"": 0.75, ""VV"": 0.7, ""VH"": 0.7}",819239,16.94039794805964,4016769,83.05960205194036,1346859,27.850636309948204,3489149,72.1493636900518,1449001,29.962750268403195,3387007,70.0372497315968,1346859,27.850636309948204,3489149,72.1493636900518
S1_2017_05,S1_2017_25.tif,D:\Maestria_Geomatica\Semestre_IV\Tesis_Python\Datos\TIFF\S1\S1_2017_05\S1_2017_25.tif,4837824,"VV,VH,angle,VVVH_ratio",821358,16.977839623764734,4016466,83.02216037623526,False,"{""angle"": 3, ""VV_Difference"": 2, ""VVVH_ratio"": 4, ""VV"": 5, ""VH"": 1}","{""angle"": 0.85, ""VV_Difference"": 0.8, ""VVVH_ratio"": 0.75, ""VV"": 0.7, ""VH"": 0.7}",821358,16.977839623764734,4016466,83.02216037623526,1350464,27.91469883980897,3487360,72.08530116019102,1450283,29.978002506912198,3387541,70.0219974930878,1350464,27.91469883980897,3487360,72.08530116019102
S1_2019_01,S1_2019_0 (1).tif,D:\Maestria_Geomatica\Semestre_IV\Tesis_Python\Datos\TIFF\S1\S1_2019_01\S1_2019_0 (1).tif,4836008,"VV,VH,angle,VVVH_ratio",210881,4.360642083305073,4625127,95.63935791669493,True,"{""angle"": 3, ""VV_Difference"": 2, ""VVVH_ratio"": 4, ""VV"": 5, ""VH"": 1}","{""angle"": 0.85, ""VV_Difference"": 0.8, ""VVVH_ratio"": 0.75, ""VV"": 0.7, ""VH"": 0.7}",210881,4.360642083305073,4625127,95.63935791669493,210881,4.360642083305073,4625127,95.63935791669493,1028155,21.260407344239297,3807853,78.7395926557607,210881,4.360642083305073,4625127,95.63935791669493
S1_2019_01,S1_2019_0.tif,D:\Maestria_Geomatica\Semestre_IV\Tesis_Python\Datos\TIFF\S1\S1_2019_01\S1_2019_0.tif,4836008,"VV,VH,angle,VVVH_ratio",210881,4.360642083305073,4625127,95.63935791669493,True,"{""angle"": 3, ""VV_Difference"": 2, ""VVVH_ratio"": 4, ""VV"": 5, ""VH"": 1}","{""angle"": 0.85, ""VV_Difference"": 0.8, ""VVVH_ratio"": 0.75, ""VV"": 0.7, ""VH"": 0.7}",210881,4.360642083305073,4625127,95.63935791669493,210881,4.360642083305073,4625127,95.63935791669493,1028155,21.260407344239297,3807853,78.7395926557607,210881,4.360642083305073,4625127,95.63935791669493
S1_2019_01,S1_2019_1 (1).tif,D:\Maestria_Geomatica\Semestre_IV\Tesis_Python\Datos\TIFF\S1\S1_2019_01\S1_2019_1 (1).tif,4833345,"VV,VH,angle,VVVH_ratio",158,0.0032689576266540046,4833187,99.99673104237334,False,"{""angle"": 3, ""VV_Difference"": 2, ""VVVH_ratio"": 4, ""VV"": 5, ""VH"": 1}","{""angle"": 0.85, ""VV_Difference"": 0.8, ""VVVH_ratio"": 0.75, ""VV"": 0.7, ""VH"": 0.7}",158,0.0032689576266540046,4833187,99.99673104237334,1089582,22.543021447879262,3743763,77.45697855212073,1571476,32.51321807154259,3261869,67.48678192845742,1089582,22.543021447879262,3743763,77.45697855212073
S1_2019_01,S1_2019_1.tif,D:\Maestria_Geomatica\Semestre_IV\Tesis_Python\Datos\TIFF\S1\S1_2019_01\S1_2019_1.tif,4833345,"VV,VH,angle,VVVH_ratio",158,0.0032689576266540046,4833187,99.99673104237334,False,"{""angle"": 3, ""VV_Difference"": 2, ""VVVH_ratio"": 4, ""VV"": 5, ""VH"": 1}","{""angle"": 0.85, ""VV_Difference"": 0.8, ""VVVH_ratio"": 0.75, ""VV"": 0.7, ""VH"": 0.7}",158,0.0032689576266540046,4833187,99.99673104237334,1089582,22.543021447879262,3743763,77.45697855212073,1571476,32.51321807154259,3261869,67.48678192845742,1089582,22.543021447879262,3743763,77.45697855212073
S1_2019_01,S1_2019_2.tif,D:\Maestria_Geomatica\Semestre_IV\Tesis_Python\Datos\TIFF\S1\S1_2019_01\S1_2019_2.tif,4836008,"VV,VH,angle,VVVH_ratio",210414,4.35098535817145,4625594,95.64901464182854,False,"{""angle"": 3, ""VV_Difference"": 2, ""VVVH_ratio"": 4, ""VV"": 1, ""VH"": 5}","{""angle"": 0.85, ""VV_Difference"": 0.8, ""VVVH_ratio"": 0.75, ""VV"": 0.7, ""VH"": 0.7}",210491,4.352577580516823,4625517,95.64742241948318,210414,4.35098535817145,4625594,95.64901464182854,1025791,21.211524050415136,3810217,78.78847594958486,210491,4.352577580516823,4625517,95.64742241948318
S1_2019_01,S1_2019_3.tif,D:\Maestria_Geomatica\Semestre_IV\Tesis_Python\Datos\TIFF\S1\S1_2019_01\S1_2019_3.tif,4836008,"VV,VH,angle,VVVH_ratio",0,0.0,4836008,100.0,False,"{""angle"": 3, ""VV_Difference"": 2, ""VVVH_ratio"": 4, ""VV"": 1, ""VH"": 5}","{""angle"": 0.85, ""VV_Difference"": 0.8, ""VVVH_ratio"": 0.75, ""VV"": 0.3, ""VH"": 0.3}",1087557,22.488734509951183,3748451,77.51126549004881,0,0.0,4836008,100.0,1569019,32.444507949531925,3266989,67.55549205046808,1087557,22.488734509951183,3748451,77.51126549004881
S1_2019_02,S1_2019_4.tif,D:\Maestria_Geomatica\Semestre_IV\Tesis_Python\Datos\TIFF\S1\S1_2019_02\S1_2019_4.tif,4837824,"VV,VH,angle,VVVH_ratio",210044,4.341704038840603,4627780,95.6582959611594,True,"{""angle"": 3, ""VV_Difference"": 2, ""VVVH_ratio"": 4, ""VV"": 5, ""VH"": 1}","{""angle"": 0.85, ""VV_Difference"": 0.8, ""VVVH_ratio"": 0.75, ""VV"": 0.7, ""VH"": 0.7}",210044,4.341704038840603,4627780,95.6582959611594,210179,4.344494549615695,4627645,95.65550545038431,1024104,21.168690717148866,3813720,78.83130928285114,210179,4.344494549615695,4627645,95.65550545038431
S1_2019_02,S1_2019_5.tif,D:\Maestria_Geomatica\Semestre_IV\Tesis_Python\Datos\TIFF\S1\S1_2019_02\S1_2019_5.tif,4836008,"VV,VH,angle,VVVH_ratio",52,0.0010752670384333524,4835956,99.99892473296157,False,"{""angle"": 3, ""VV_Difference"": 2, ""VVVH_ratio"": 4, ""VV"": 5, ""VH"": 1}","{""angle"": 0.85, ""VV_Difference"": 0.8, ""VVVH_ratio"": 0.75, ""VV"": 0.7, ""VH"": 0.7}",52,0.0010752670384333524,4835956,99.99892473296157,1086684,22.47068243063287,3749324,77.52931756936714,1567841,32.42014901546896,3268167,67.57985098453105,1086684,22.47068243063287,3749324,77.52931756936714
S1_2019_02,S1_2019_8.tif,D:\Maestria_Geomatica\Semestre_IV\Tesis_Python\Datos\TIFF\S1\S1_2019_02\S1_2019_8.tif,4837824,"VV,VH,angle,VVVH_ratio",209395,4.328288916669974,4628429,95.67171108333002,False,"{""angle"": 3, ""VV_Difference"": 2, ""VVVH_ratio"": 4, ""VV"": 5, ""VH"": 1}","{""angle"": 0.85, ""VV_Difference"": 0.8, ""VVVH_ratio"": 0.75, ""VV"": 0.7, ""VH"": 0.7}",209395,4.328288916669974,4628429,95.67171108333002,209395,4.328288916669974,4628429,95.67171108333002,1022248,21.130326361603895,3815576,78.86967363839611,209395,4.328288916669974,4628429,95.67171108333002
S1_2019_02,S1_2019_9.tif,D:\Maestria_Geomatica\Semestre_IV\Tesis_Python\Datos\TIFF\S1\S1_2019_02\S1_2019_9.tif,4837824,"VV,VH,angle,VVVH_ratio",271,0.005601692000370415,4837553,99.99439830799963,False,"{""angle"": 3, ""VV_Difference"": 2, ""VVVH_ratio"": 4, ""VV"": 5, ""VH"": 1}","{""angle"": 0.85, ""VV_Difference"": 0.8, ""VVVH_ratio"": 0.75, ""VV"": 0.7, ""VH"": 0.7}",271,0.005601692000370415,4837553,99.99439830799963,1084409,22.415222215607677,3753415,77.58477778439232,1565685,32.363413799261814,3272139,67.63658620073818,1084409,22.415222215607677,3753415,77.58477778439232
S1_2019_03,S1_2019_12.tif,D:\Maestria_Geomatica\Semestre_IV\Tesis_Python\Datos\TIFF\S1\S1_2019_03\S1_2019_12.tif,4836008,"VV,VH,angle,VVVH_ratio",209567,4.333470912372354,4626441,95.66652908762765,True,"{""angle"": 3, ""VV_Difference"": 2, ""VVVH_ratio"": 4, ""VV"": 5, ""VH"": 1}","{""angle"": 0.85, ""VV_Difference"": 0.8, ""VVVH_ratio"": 0.75, ""VV"": 0.7, ""VH"": 0.7}",209567,4.333470912372354,4626441,95.66652908762765,209567,4.333470912372354,4626441,95.66652908762765,1023999,21.17446869401374,3812009,78.82553130598626,209567,4.333470912372354,4626441,95.66652908762765
S1_2019_03,S1_2019_13.tif,D:\Maestria_Geomatica\Semestre_IV\Tesis_Python\Datos\TIFF\S1\S1_2019_03\S1_2019_13.tif,4836008,"VV,VH,angle,VVVH_ratio",541,0.011186912842162378,4835467,99.98881308715784,False,"{""angle"": 3, ""VV_Difference"": 2, ""VVVH_ratio"": 4, ""VV"": 5, ""VH"": 1}","{""angle"": 0.85, ""VV_Difference"": 0.8, ""VVVH_ratio"": 0.75, ""VV"": 0.7, ""VH"": 0.7}",541,0.011186912842162378,4835467,99.98881308715784,1086960,22.47638961722148,3749048,77.52361038277853,1568443,32.43259729926005,3267565,67.56740270073995,1086960,22.47638961722148,3749048,77.52361038277853
S1_2019_03,S1_2019_16.tif,D:\Maestria_Geomatica\Semestre_IV\Tesis_Python\Datos\TIFF\S1\S1_2019_03\S1_2019_16.tif,4836008,"VV,VH,angle,VVVH_ratio",209322,4.32840475036435,4626686,95.67159524963564,False,"{""angle"": 3, ""VV_Difference"": 2, ""VVVH_ratio"": 4, ""VV"": 5, ""VH"": 1}","{""angle"": 0.85, ""VV_Difference"": 0.8, ""VVVH_ratio"": 0.75, ""VV"": 0.7, ""VH"": 0.7}",209322,4.32840475036435,4626686,95.67159524963564,209594,4.334029224103848,4626414,95.66597077589616,1028609,21.269795252613314,3807399,78.7302047473867,209594,4.334029224103848,4626414,95.66597077589616
S1_2019_03,S1_2019_17.tif,D:\Maestria_Geomatica\Semestre_IV\Tesis_Python\Datos\TIFF\S1\S1_2019_03\S1_2019_17.tif,4836008,"VV,VH,angle,VVVH_ratio",1654,0.03420176310709164,4834354,99.96579823689291,False,"{""angle"": 3, ""VV_Difference"": 2, ""VVVH_ratio"": 4, ""VV"": 5, ""VH"": 1}","{""angle"": 0.85, ""VV_Difference"": 0.8, ""VVVH_ratio"": 0.75, ""VV"": 0.7, ""VH"": 0.7}",1654,0.03420176310709164,4834354,99.96579823689291,1091160,22.563238108787246,3744848,77.43676189121275,1573321,32.53346561875001,3262687,67.46653438124999,1091160,22.563238108787246,3744848,77.43676189121275
S1_2019_03,S1_2019_20.tif,D:\Maestria_Geomatica\Semestre_IV\Tesis_Python\Datos\TIFF\S1\S1_2019_03\S1_2019_20.tif,4836008,"VV,VH,angle,VVVH_ratio",209192,4.325716582768266,4626816,95.67428341723173,False,"{""angle"": 3, ""VV_Difference"": 2, ""VVVH_ratio"": 4, ""VV"": 5, ""VH"": 1}","{""angle"": 0.85, ""VV_Difference"": 0.8, ""VVVH_ratio"": 0.75, ""VV"": 0.7, ""VH"": 0.7}",209192,4.325716582768266,4626816,95.67428341723173,209192,4.325716582768266,4626816,95.67428341723173,1025665,21.208918595668163,3810343,78.79108140433183,209192,4.325716582768266,4626816,95.67428341723173
S1_2019_03,S1_2019_21.tif,D:\Maestria_Geomatica\Semestre_IV\Tesis_Python\Datos\TIFF\S1\S1_2019_03\S1_2019_21.tif,4836008,"VV,VH,angle,VVVH_ratio",1338,0.02766744802738126,4834670,99.97233255197261,False,"{""angle"": 3, ""VV_Difference"": 2, ""VVVH_ratio"": 4, ""VV"": 5, ""VH"": 1}","{""angle"": 0.85, ""VV_Difference"": 0.8, ""VVVH_ratio"": 0.75, ""VV"": 0.7, ""VH"": 0.7}",1338,0.02766744802738126,4834670,99.97233255197261,1087975,22.497378002683206,3748033,77.5026219973168,1570413,32.473333377446856,3265595,67.52666662255315,1087975,22.497378002683206,3748033,77.5026219973168
S1_2019_04,S1_2019_24.tif,D:\Maestria_Geomatica\Semestre_IV\Tesis_Python\Datos\TIFF\S1\S1_2019_04\S1_2019_24.tif,4837824,"VV,VH,angle,VVVH_ratio",209304,4.32640790570306,4628520,95.67359209429694,True,"{""angle"": 3, ""VV_Difference"": 2, ""VVVH_ratio"": 4, ""VV"": 1, ""VH"": 5}","{""angle"": 0.85, ""VV_Difference"": 0.8, ""VVVH_ratio"": 0.75, ""VV"": 0.7, ""VH"": 0.7}",209304,4.32640790570306,4628520,95.67359209429694,209304,4.32640790570306,4628520,95.67359209429694,1023977,21.166065569975263,3813847,78.83393443002474,209304,4.32640790570306,4628520,95.67359209429694
S1_2019_04,S1_2019_25.tif,D:\Maestria_Geomatica\Semestre_IV\Tesis_Python\Datos\TIFF\S1\S1_2019_04\S1_2019_25.tif,4837824,"VV,VH,angle,VVVH_ratio",601,0.012422940561707082,4837223,99.9875770594383,False,"{""angle"": 3, ""VV_Difference"": 2, ""VVVH_ratio"": 4, ""VV"": 1, ""VH"": 5}","{""angle"": 0.85, ""VV_Difference"": 0.8, ""VVVH_ratio"": 0.75, ""VV"": 0.7, ""VH"": 0.7}",1088876,22.507557116587954,3748948,77.49244288341205,601,0.012422940561707082,4837223,99.9875770594383,1568181,32.415007242925746,3269643,67.58499275707426,1088876,22.507557116587954,3748948,77.49244288341205
S1_2019_04,S1_2019_26.tif,D:\Maestria_Geomatica\Semestre_IV\Tesis_Python\Datos\TIFF\S1\S1_2019_04\S1_2019_26.tif,4836008,"VV,VH,angle,VVVH_ratio",209225,4.326398963773427,4626783,95.67360103622657,False,"{""angle"": 3, ""VV_Difference"": 2, ""VVVH_ratio"": 4, ""VV"": 1, ""VH"": 5}","{""angle"": 0.85, ""VV_Difference"": 0.8, ""VVVH_ratio"": 0.75, ""VV"": 0.7, ""VH"": 0.7}",209300,4.327949829694243,4626708,95.67205017030575,209225,4.326398963773427,4626783,95.67360103622657,1021317,21.119009728685313,3814691,78.88099027131469,209300,4.327949829694243,4626708,95.67205017030575
S1_2019_04,S1_2019_27.tif,D:\Maestria_Geomatica\Semestre_IV\Tesis_Python\Datos\TIFF\S1\S1_2019_04\S1_2019_27.tif,4836008,"VV,VH,angle,VVVH_ratio",208,0.00430106815373341,4835800,99.99569893184626,False,"{""angle"": 3, ""VV_Difference"": 2, ""VVVH_ratio"": 4, ""VV"": 1, ""VH"": 5}","{""angle"": 0.85, ""VV_Difference"": 0.8, ""VVVH_ratio"": 0.75, ""VV"": 0.7, ""VH"": 0.7}",1085782,22.452030683158505,3750226,77.54796931684149,208,0.00430106815373341,4835800,99.99569893184626,1564763,32.35650147807861,3271245,67.64349852192139,1085782,22.452030683158505,3750226,77.54796931684149
S1_2019_08,S1_2019_46.tif,D:\Maestria_Geomatica\Semestre_IV\Tesis_Python\Datos\TIFF\S1\S1_2019_08\S1_2019_46.tif,4835160,"VV,VH,angle,VVVH_ratio",209543,4.333734561007288,4625617,95.66626543899271,True,"{""angle"": 3, ""VV_Difference"": 2, ""VVVH_ratio"": 4, ""VV"": 5, ""VH"": 1}","{""angle"": 0.85, ""VV_Difference"": 0.8, ""VVVH_ratio"": 0.75, ""VV"": 0.7, ""VH"": 0.7}",209543,4.333734561007288,4625617,95.66626543899271,209767,4.338367292912747,4625393,95.66163270708725,1022696,21.151233878506606,3812464,78.8487661214934,209767,4.338367292912747,4625393,95.66163270708725
S1_2019_08,S1_2019_47.tif,D:\Maestria_Geomatica\Semestre_IV\Tesis_Python\Datos\TIFF\S1\S1_2019_08\S1_2019_47.tif,4837824,"VV,VH,angle,VVVH_ratio",0,0.0,4837824,100.0,False,"{""angle"": 3, ""VV_Difference"": 2, ""VV"": 4, ""VH"": 1, ""VVVH_ratio"": 5}","{""angle"": 0.85, ""VV_Difference"": 0.8, ""VVVH_ratio"": 0.05, ""VV"": 0.7, ""VH"": 0.7}",1086466,22.45774133164001,3751358,77.54225866835999,1086466,22.45774133164001,3751358,77.54225866835999,1565729,32.364323299069994,3272095,67.63567670093,0,0.0,4837824,100.0
S1_2019_08,S1_2019_49.tif,D:\Maestria_Geomatica\Semestre_IV\Tesis_Python\Datos\TIFF\S1\S1_2019_08\S1_2019_49.tif,4836008,"VV,VH,angle,VVVH_ratio",209887,4.340087940301174,4626121,95.65991205969883,False,"{""angle"": 3, ""VV_Difference"": 1, ""VVVH_ratio"": 4, ""VV"": 5, ""VH"": 2}","{""angle"": 0.85, ""VV_Difference"": 0.8, ""VVVH_ratio"": 0.75, ""VV"": 0.7, ""VH"": 0.7}",209887,4.340087940301174,4626121,95.65991205969883,209887,4.340087940301174,4626121,95.65991205969883,1023348,21.161007177821045,3812660,78.83899282217895,209887,4.340087940301174,4626121,95.65991205969883
S1_2019_08,S1_2019_50.tif,D:\Maestria_Geomatica\Semestre_IV\Tesis_Python\Datos\TIFF\S1\S1_2019_08\S1_2019_50.tif,4836008,"VV,VH,angle,VVVH_ratio",15,0.00031017318416346704,4835993,99.99968982681584,False,"{""angle"": 3, ""VV_Difference"": 2, ""VVVH_ratio"": 4, ""VV"": 5, ""VH"": 1}","{""angle"": 0.85, ""VV_Difference"": 0.8, ""VVVH_ratio"": 0.75, ""VV"": 0.7, ""VH"": 0.7}",15,0.00031017318416346704,4835993,99.99968982681584,1087183,22.481000858559373,3748825,77.51899914144063,1567106,32.404950529444946,3268902,67.59504947055505,1087183,22.481000858559373,3748825,77.51899914144063
S1_2020_02,S1_2020_11.tif,D:\Maestria_Geomatica\Semestre_IV\Tesis_Python\Datos\TIFF\S1\S1_2020_02\S1_2020_11.tif,4836008,"VV,VH,angle,VVVH_ratio",0,0.0,4836008,100.0,True,"{""angle"": 3, ""VV_Difference"": 2, ""VVVH_ratio"": 4, ""VV"": 1, ""VH"": 5}","{""angle"": 0.85, ""VV_Difference"": 0.8, ""VVVH_ratio"": 0.75, ""VV"": 0.3, ""VH"": 0.3}",253686,5.24577295984622,4582322,94.75422704015378,0,0.0,4836008,100.0,1894960,39.18438513749357,2941048,60.81561486250643,253686,5.24577295984622,4582322,94.75422704015378
S1_2020_02,S1_2020_12.tif,D:\Maestria_Geomatica\Semestre_IV\Tesis_Python\Datos\TIFF\S1\S1_2020_02\S1_2020_12.tif,4836008,"VV,VH,angle,VVVH_ratio",500029,10.339705806938285,4335979,89.66029419306172,False,"{""angle"": 3, ""VV_Difference"": 2, ""VVVH_ratio"": 4, ""VV"": 5, ""VH"": 1}","{""angle"": 0.85, ""VV_Difference"": 0.8, ""VVVH_ratio"": 0.75, ""VV"": 0.7, ""VH"": 0.7}",500029,10.339705806938285,4335979,89.66029419306172,1087511,22.487783312186416,3748497,77.51221668781359,1520878,31.449038132277696,3315130,68.55096186772231,1087511,22.487783312186416,3748497,77.51221668781359
S1_2020_02,S1_2020_15.tif,D:\Maestria_Geomatica\Semestre_IV\Tesis_Python\Datos\TIFF\S1\S1_2020_02\S1_2020_15.tif,4836008,"VV,VH,angle,VVVH_ratio",0,0.0,4836008,100.0,False,"{""angle"": 3, ""VV_Difference"": 2, ""VVVH_ratio"": 4, ""VV"": 1, ""VH"": 5}","{""angle"": 0.85, ""VV_Difference"": 0.8, ""VVVH_ratio"": 0.75, ""VV"": 0.3, ""VH"": 0.3}",254059,5.253485933025752,4581949,94.74651406697424,0,0.0,4836008,100.0,1900007,39.28874807485844,2936001,60.71125192514156,254059,5.253485933025752,4581949,94.74651406697424
S1_2020_02,S1_2020_16.tif,D:\Maestria_Geomatica\Semestre_IV\Tesis_Python\Datos\TIFF\S1\S1_2020_02\S1_2020_16.tif,4836008,"VV,VH,angle,VVVH_ratio",502150,10.383564295179,4333858,89.616435704821,False,"{""angle"": 3, ""VV_Difference"": 2, ""VVVH_ratio"": 4, ""VV"": 5, ""VH"": 1}","{""angle"": 0.85, ""VV_Difference"": 0.8, ""VVVH_ratio"": 0.75, ""VV"": 0.7, ""VH"": 0.7}",502150,10.383564295179,4333858,89.616435704821,1092415,22.589189265195593,3743593,77.41081073480441,1526503,31.565353076338997,3309505,68.434646923661,1092415,22.589189265195593,3743593,77.41081073480441
S1_2020_03,S1_2020_19.tif,D:\Maestria_Geomatica\Semestre_IV\Tesis_Python\Datos\TIFF\S1\S1_2020_03\S1_2020_19.tif,4836008,"VV,VH,angle,VVVH_ratio",0,0.0,4836008,100.0,True,"{""angle"": 3, ""VV_Difference"": 2, ""VVVH_ratio"": 4, ""VV"": 1, ""VH"": 5}","{""angle"": 0.85, ""VV_Difference"": 0.8, ""VVVH_ratio"": 0.75, ""VV"": 0.3, ""VH"": 0.3}",252660,5.224557114049439,4583348,94.77544288595055,0,0.0,4836008,100.0,1893204,39.148074196734164,2942804,60.851925803265836,252660,5.224557114049439,4583348,94.77544288595055
S1_2020_03,S1_2020_20.tif,D:\Maestria_Geomatica\Semestre_IV\Tesis_Python\Datos\TIFF\S1\S1_2020_03\S1_2020_20.tif,4836008,"VV,VH,angle,VVVH_ratio",499236,10.323307984602176,4336772,89.67669201539782,False,"{""angle"": 3, ""VV_Difference"": 2, ""VVVH_ratio"": 4, ""VV"": 5, ""VH"": 1}","{""angle"": 0.85, ""VV_Difference"": 0.8, ""VVVH_ratio"": 0.75, ""VV"": 0.7, ""VH"": 0.7}",499236,10.323307984602176,4336772,89.67669201539782,1086398,22.464768461921487,3749610,77.53523153807852,1519949,31.42982807307184,3316059,68.57017192692815,1086398,22.464768461921487,3749610,77.53523153807852
S1_2020_03,S1_2020_23.tif,D:\Maestria_Geomatica\Semestre_IV\Tesis_Python\Datos\TIFF\S1\S1_2020_03\S1_2020_23.tif,4836008,"VV,VH,angle,VVVH_ratio",0,0.0,4836008,100.0,False,"{""angle"": 3, ""VV_Difference"": 2, ""VVVH_ratio"": 4, ""VV"": 1, ""VH"": 5}","{""angle"": 0.85, ""VV_Difference"": 0.8, ""VVVH_ratio"": 0.75, ""VV"": 0.3, ""VH"": 0.3}",252075,5.212460359867064,4583933,94.78753964013293,0,0.0,4836008,100.0,1893255,39.14912878556032,2942753,60.85087121443968,252075,5.212460359867064,4583933,94.78753964013293
S1_2020_03,S1_2020_24.tif,D:\Maestria_Geomatica\Semestre_IV\Tesis_Python\Datos\TIFF\S1\S1_2020_03\S1_2020_24.tif,4836008,"VV,VH,angle,VVVH_ratio",499078,10.320040827062321,4336930,89.67995917293769,False,"{""angle"": 3, ""VV_Difference"": 2, ""VVVH_ratio"": 4, ""VV"": 5, ""VH"": 1}","{""angle"": 0.85, ""VV_Difference"": 0.8, ""VVVH_ratio"": 0.75, ""VV"": 0.7, ""VH"": 0.7}",499078,10.320040827062321,4336930,89.67995917293769,1086736,22.471757697671304,3749272,77.52824230232869,1520620,31.443703153510086,3315388,68.55629684648991,1086736,22.471757697671304,3749272,77.52824230232869
S1_2020_04,S1_2020_26.tif,D:\Maestria_Geomatica\Semestre_IV\Tesis_Python\Datos\TIFF\S1\S1_2020_04\S1_2020_26.tif,4837824,"VV,VH,angle,VVVH_ratio",0,0.0,4837824,100.0,True,"{""angle"": 3, ""VV_Difference"": 2, ""VVVH_ratio"": 4, ""VV"": 1, ""VH"": 5}","{""angle"": 0.85, ""VV_Difference"": 0.8, ""VVVH_ratio"": 0.75, ""VV"": 0.3, ""VH"": 0.3}",251715,5.203062368535937,4586109,94.79693763146406,0,0.0,4837824,100.0,1892629,39.12149346483047,2945195,60.87850653516953,251715,5.203062368535937,4586109,94.79693763146406
S1_2020_04,S1_2020_27.tif,D:\Maestria_Geomatica\Semestre_IV\Tesis_Python\Datos\TIFF\S1\S1_2020_04\S1_2020_27.tif,4837824,"VV,VH,angle,VVVH_ratio",499016,10.31488536995145,4338808,89.68511463004855,False,"{""angle"": 3, ""VV_Difference"": 2, ""VVVH_ratio"": 4, ""VV"": 5, ""VH"": 1}","{""angle"": 0.85, ""VV_Difference"": 0.8, ""VVVH_ratio"": 0.75, ""VV"": 0.7, ""VH"": 0.7}",499016,10.31488536995145,4338808,89.68511463004855,1086351,22.455364229868636,3751473,77.54463577013136,1520222,31.42367312246167,3317602,68.57632687753834,1086351,22.455364229868636,3751473,77.54463577013136
S1_2020_04,S1_2020_30.tif,D:\Maestria_Geomatica\Semestre_IV\Tesis_Python\Datos\TIFF\S1\S1_2020_04\S1_2020_30.tif,4837824,"VV,VH,angle,VVVH_ratio",0,0.0,4837824,100.0,False,"{""angle"": 3, ""VV_Difference"": 2, ""VVVH_ratio"": 4, ""VV"": 1, ""VH"": 5}","{""angle"": 0.85, ""VV_Difference"": 0.8, ""VVVH_ratio"": 0.75, ""VV"": 0.3, ""VH"": 0.3}",253156,5.232848487253774,4584668,94.76715151274622,0,0.0,4837824,100.0,1892438,39.11754540884497,2945386,60.88245459115503,253156,5.232848487253774,4584668,94.76715151274622
S1_2020_04,S1_2020_31.tif,D:\Maestria_Geomatica\Semestre_IV\Tesis_Python\Datos\TIFF\S1\S1_2020_04\S1_2020_31.tif,4837824,"VV,VH,angle,VVVH_ratio",500164,10.338615046764826,4337660,89.66138495323517,False,"{""angle"": 3, ""VV_Difference"": 2, ""VVVH_ratio"": 4, ""VV"": 5, ""VH"": 1}","{""angle"": 0.85, ""VV_Difference"": 0.8, ""VVVH_ratio"": 0.75, ""VV"": 0.7, ""VH"": 0.7}",500164,10.338615046764826,4337660,89.66138495323517,1087796,22.485233030387214,3750028,77.51476696961278,1518936,31.39709092352264,3318888,68.60290907647736,1087796,22.485233030387214,3750028,77.51476696961278
S1_2020_04,S1_2020_34.tif,D:\Maestria_Geomatica\Semestre_IV\Tesis_Python\Datos\TIFF\S1\S1_2020_04\S1_2020_34.tif,4836008,"VV,VH,angle,VVVH_ratio",0,0.0,4836008,100.0,False,"{""angle"": 3, ""VV_Difference"": 2, ""VV"": 4, ""VH"": 1, ""VVVH_ratio"": 5}","{""angle"": 0.85, ""VV_Difference"": 0.8, ""VVVH_ratio"": 0.05, ""VV"": 0.7, ""VH"": 0.7}",253859,5.249350290570239,4582149,94.75064970942977,253859,5.249350290570239,4582149,94.75064970942977,1892913,39.142056836961395,2943095,60.857943163038605,0,0.0,4836008,100.0
S1_2020_04,S1_2020_35.tif,D:\Maestria_Geomatica\Semestre_IV\Tesis_Python\Datos\TIFF\S1\S1_2020_04\S1_2020_35.tif,4836008,"VV,VH,angle,VVVH_ratio",500100,10.341173960009991,4335908,89.65882603999,False,"{""angle"": 3, ""VV_Difference"": 2, ""VVVH_ratio"": 4, ""VV"": 5, ""VH"": 1}","{""angle"": 0.85, ""VV_Difference"": 0.8, ""VVVH_ratio"": 0.75, ""VV"": 0.7, ""VH"": 0.7}",500100,10.341173960009991,4335908,89.65882603999,1087720,22.492105058552426,3748288,77.50789494144757,1518467,31.399182962476488,3317541,68.60081703752351,1087720,22.492105058552426,3748288,77.50789494144757
S1_2020_08,S1_2020_69.tif,D:\Maestria_Geomatica\Semestre_IV\Tesis_Python\Datos\TIFF\S1\S1_2020_08\S1_2020_69.tif,4836008,"VV,VH,angle,VVVH_ratio",0,0.0,4836008,100.0,True,"{""angle"": 3, ""VV_Difference"": 2, ""VVVH_ratio"": 4, ""VV"": 1, ""VH"": 5}","{""angle"": 0.85, ""VV_Difference"": 0.8, ""VVVH_ratio"": 0.75, ""VV"": 0.3, ""VH"": 0.3}",253128,5.23423451739534,4582880,94.76576548260466,0,0.0,4836008,100.0,1892063,39.12448035652547,2943945,60.87551964347453,253128,5.23423451739534,4582880,94.76576548260466
S1_2020_08,S1_2020_70.tif,D:\Maestria_Geomatica\Semestre_IV\Tesis_Python\Datos\TIFF\S1\S1_2020_08\S1_2020_70.tif,4836008,"VV,VH,angle,VVVH_ratio",499022,10.318882847174777,4336986,89.68111715282522,False,"{""angle"": 3, ""VV_Difference"": 2, ""VVVH_ratio"": 4, ""VV"": 1, ""VH"": 5}","{""angle"": 0.85, ""VV_Difference"": 0.8, ""VVVH_ratio"": 0.75, ""VV"": 0.7, ""VH"": 0.7}",1085437,22.444896699922747,3750571,77.55510330007725,499022,10.318882847174777,4336986,89.68111715282522,1517804,31.385473307736465,3318204,68.61452669226354,1085437,22.444896699922747,3750571,77.55510330007725
S1_2020_08,S1_2020_73.tif,D:\Maestria_Geomatica\Semestre_IV\Tesis_Python\Datos\TIFF\S1\S1_2020_08\S1_2020_73.tif,4837824,"VV,VH,angle,VVVH_ratio",0,0.0,4837824,100.0,False,"{""angle"": 3, ""VV_Difference"": 2, ""VVVH_ratio"": 4, ""VV"": 1, ""VH"": 5}","{""angle"": 0.85, ""VV_Difference"": 0.8, ""VVVH_ratio"": 0.75, ""VV"": 0.3, ""VH"": 0.3}",253439,5.238698224656375,4584385,94.76130177534363,0,0.0,4837824,100.0,1888451,39.03513232395391,2949373,60.96486767604609,253439,5.238698224656375,4584385,94.76130177534363
S1_2020_08,S1_2020_74.tif,D:\Maestria_Geomatica\Semestre_IV\Tesis_Python\Datos\TIFF\S1\S1_2020_08\S1_2020_74.tif,4837824,"VV,VH,angle,VVVH_ratio",497967,10.293202067706472,4339857,89.70679793229353,False,"{""angle"": 3, ""VV_Difference"": 2, ""VVVH_ratio"": 4, ""VV"": 1, ""VH"": 5}","{""angle"": 0.85, ""VV_Difference"": 0.8, ""VVVH_ratio"": 0.75, ""VV"": 0.7, ""VH"": 0.7}",1082332,22.37228969057163,3755492,77.62771030942837,497967,10.293202067706472,4339857,89.70679793229353,1513570,31.28617328782527,3324254,68.71382671217474,1082332,22.37228969057163,3755492,77.62771030942837
S1_2020_11,S1_2020_100.tif,D:\Maestria_Geomatica\Semestre_IV\Tesis_Python\Datos\TIFF\S1\S1_2020_11\S1_2020_100.tif,4837824,"VV,VH,angle,VVVH_ratio",0,0.0,4837824,100.0,True,"{""angle"": 3, ""VV_Difference"": 2, ""VVVH_ratio"": 4, ""VV"": 1, ""VH"": 5}","{""angle"": 0.85, ""VV_Difference"": 0.8, ""VVVH_ratio"": 0.75, ""VV"": 0.3, ""VH"": 0.3}",254613,5.262965333174584,4583211,94.73703466682541,0,0.0,4837824,100.0,1892971,39.12856275879404,2944853,60.87143724120596,254613,5.262965333174584,4583211,94.73703466682541
S1_2020_11,S1_2020_101.tif,D:\Maestria_Geomatica\Semestre_IV\Tesis_Python\Datos\TIFF\S1\S1_2020_11\S1_2020_101.tif,4836008,"VV,VH,angle,VVVH_ratio",498987,10.318159109745062,4337021,89.68184089025493,False,"{""angle"": 3, ""VV_Difference"": 2, ""VVVH_ratio"": 4, ""VV"": 1, ""VH"": 5}","{""angle"": 0.85, ""VV_Difference"": 0.8, ""VVVH_ratio"": 0.75, ""VV"": 0.7, ""VH"": 0.7}",1083449,22.40378841391495,3752559,77.59621158608505,498987,10.318159109745062,4337021,89.68184089025493,1516409,31.35662720160926,3319599,68.64337279839074,1083449,22.40378841391495,3752559,77.59621158608505
S1_2020_11,S1_2020_104.tif,D:\Maestria_Geomatica\Semestre_IV\Tesis_Python\Datos\TIFF\S1\S1_2020_11\S1_2020_104.tif,4836008,"VV,VH,angle,VVVH_ratio",0,0.0,4836008,100.0,False,"{""angle"": 3, ""VV_Difference"": 2, ""VV"": 4, ""VH"": 1, ""VVVH_ratio"": 5}","{""angle"": 0.85, ""VV_Difference"": 0.8, ""VVVH_ratio"": 0.05, ""VV"": 0.7, ""VH"": 0.7}",254654,5.265789469330903,4581354,94.7342105306691,254654,5.265789469330903,4581354,94.7342105306691,1897454,39.235956598913816,2938554,60.764043401086184,0,0.0,4836008,100.0
S1_2020_11,S1_2020_105.tif,D:\Maestria_Geomatica\Semestre_IV\Tesis_Python\Datos\TIFF\S1\S1_2020_11\S1_2020_105.tif,4833345,"VV,VH,angle,VVVH_ratio",500976,10.364995670700106,4332369,89.63500432929989,False,"{""angle"": 3, ""VV_Difference"": 2, ""VVVH_ratio"": 4, ""VV"": 1, ""VH"": 5}","{""angle"": 0.85, ""VV_Difference"": 0.8, ""VVVH_ratio"": 0.75, ""VV"": 0.7, ""VH"": 0.7}",1088656,22.523862873434442,3744689,77.47613712656556,500976,10.364995670700106,4332369,89.63500432929989,1521873,31.486951583220318,3311472,68.51304841677968,1088656,22.523862873434442,3744689,77.47613712656556
S1_2020_11,S1_2020_96.tif,D:\Maestria_Geomatica\Semestre_IV\Tesis_Python\Datos\TIFF\S1\S1_2020_11\S1_2020_96.tif,4836008,"VV,VH,angle,VVVH_ratio",0,0.0,4836008,100.0,False,"{""angle"": 3, ""VV_Difference"": 2, ""VVVH_ratio"": 4, ""VV"": 1, ""VH"": 5}","{""angle"": 0.85, ""VV_Difference"": 0.8, ""VVVH_ratio"": 0.75, ""VV"": 0.3, ""VH"": 0.3}",254683,5.266389137486952,4581325,94.73361086251305,0,0.0,4836008,100.0,1893572,39.15568377885231,2942436,60.84431622114769,254683,5.266389137486952,4581325,94.73361086251305
S1_2020_11,S1_2020_97.tif,D:\Maestria_Geomatica\Semestre_IV\Tesis_Python\Datos\TIFF\S1\S1_2020_11\S1_2020_97.tif,4836008,"VV,VH,angle,VVVH_ratio",499462,10.327981260576905,4336546,89.6720187394231,False,"{""angle"": 3, ""VV_Difference"": 2, ""VVVH_ratio"": 4, ""VV"": 5, ""VH"": 1}","{""angle"": 0.85, ""VV_Difference"": 0.8, ""VVVH_ratio"": 0.75, ""VV"": 0.7, ""VH"": 0.7}",499462,10.327981260576905,4336546,89.6720187394231,1084982,22.435488113336454,3751026,77.56451188666354,1518021,31.389960479800695,3317987,68.61003952019931,1084982,22.435488113336454,3751026,77.56451188666354
S1_2021_02,S1_2021_12.tif,D:\Maestria_Geomatica\Semestre_IV\Tesis_Python\Datos\TIFF\S1\S1_2021_02\S1_2021_12.tif,4836008,"VV,VH,angle,VVVH_ratio",253818,5.248502483866859,4582190,94.75149751613314,True,"{""angle"": 3, ""VV_Difference"": 2, ""VV"": 1, ""VH"": 4, ""VVVH_ratio"": 5}","{""angle"": 0.85, ""VV_Difference"": 0.8, ""VVVH_ratio"": 0.05, ""VV"": 0.3, ""VH"": 0.3}",253818,5.248502483866859,4582190,94.75149751613314,253818,5.248502483866859,4582190,94.75149751613314,1893381,39.15173424030729,2942627,60.84826575969271,253818,5.248502483866859,4582190,94.75149751613314
S1_2021_02,S1_2021_13.tif,D:\Maestria_Geomatica\Semestre_IV\Tesis_Python\Datos\TIFF\S1\S1_2021_02\S1_2021_13.tif,4836008,"VV,VH,angle,VVVH_ratio",70,0.001447474859429513,4835938,99.99855252514057,False,"{""angle"": 3, ""VV_Difference"": 2, ""VVVH_ratio"": 4, ""VV"": 5, ""VH"": 1}","{""angle"": 0.85, ""VV_Difference"": 0.8, ""VVVH_ratio"": 0.75, ""VV"": 0.7, ""VH"": 0.7}",70,0.001447474859429513,4835938,99.99855252514057,1085789,22.45217543064445,3750219,77.54782456935556,1517879,31.38702417365728,3318129,68.61297582634272,1085789,22.45217543064445,3750219,77.54782456935556
S1_2021_02,S1_2021_16.tif,D:\Maestria_Geomatica\Semestre_IV\Tesis_Python\Datos\TIFF\S1\S1_2021_02\S1_2021_16.tif,4836008,"VV,VH,angle,VVVH_ratio",253652,5.245069900628783,4582356,94.75493009937122,False,"{""angle"": 3, ""VV_Difference"": 2, ""VVVH_ratio"": 4, ""VV"": 5, ""VH"": 1}","{""angle"": 0.85, ""VV_Difference"": 0.8, ""VVVH_ratio"": 0.75, ""VV"": 0.7, ""VH"": 0.7}",253652,5.245069900628783,4582356,94.75493009937122,253652,5.245069900628783,4582356,94.75493009937122,1896294,39.21196987267184,2939714,60.78803012732816,253652,5.245069900628783,4582356,94.75493009937122
S1_2021_02,S1_2021_17.tif,D:\Maestria_Geomatica\Semestre_IV\Tesis_Python\Datos\TIFF\S1\S1_2021_02\S1_2021_17.tif,4833345,"VV,VH,angle,VVVH_ratio",961,0.019882710627939865,4832384,99.98011728937206,False,"{""angle"": 3, ""VV_Difference"": 2, ""VVVH_ratio"": 4, ""VV"": 5, ""VH"": 1}","{""angle"": 0.85, ""VV_Difference"": 0.8, ""VVVH_ratio"": 0.75, ""VV"": 0.7, ""VH"": 0.7}",961,0.019882710627939865,4832384,99.98011728937206,1089190,22.534911122628326,3744155,77.46508887737167,1522768,31.505468779902944,3310577,68.49453122009706,1089190,22.534911122628326,3744155,77.46508887737167
S1_2021_03,S1_2021_20.tif,D:\Maestria_Geomatica\Semestre_IV\Tesis_Python\Datos\TIFF\S1\S1_2021_03\S1_2021_20.tif,4837824,"VV,VH,angle,VVVH_ratio",251770,5.204199243296159,4586054,94.79580075670384,True,"{""angle"": 3, ""VV_Difference"": 2, ""VVVH_ratio"": 4, ""VV"": 5, ""VH"": 1}","{""angle"": 0.85, ""VV_Difference"": 0.8, ""VVVH_ratio"": 0.75, ""VV"": 0.7, ""VH"": 0.7}",251770,5.204199243296159,4586054,94.79580075670384,251770,5.204199243296159,4586054,94.79580075670384,1897620,39.22465968170814,2940204,60.77534031829186,251770,5.204199243296159,4586054,94.79580075670384
S1_2021_03,S1_2021_21.tif,D:\Maestria_Geomatica\Semestre_IV\Tesis_Python\Datos\TIFF\S1\S1_2021_03\S1_2021_21.tif,4837824,"VV,VH,angle,VVVH_ratio",2604,0.053825852284002065,4835220,99.946174147716,False,"{""angle"": 3, ""VV_Difference"": 2, ""VVVH_ratio"": 4, ""VV"": 5, ""VH"": 1}","{""angle"": 0.85, ""VV_Difference"": 0.8, ""VVVH_ratio"": 0.75, ""VV"": 0.7, ""VH"": 0.7}",2604,0.053825852284002065,4835220,99.946174147716,1091768,22.567336058525484,3746056,77.43266394147452,1525632,31.535500257967218,3312192,68.46449974203279,1091768,22.567336058525484,3746056,77.43266394147452
S1_2021_04,S1_2021_24.tif,D:\Maestria_Geomatica\Semestre_IV\Tesis_Python\Datos\TIFF\S1\S1_2021_04\S1_2021_24.tif,4836008,"VV,VH,angle,VVVH_ratio",252524,5.22174487717969,4583484,94.77825512282031,True,"{""angle"": 3, ""VV_Difference"": 2, ""VVVH_ratio"": 4, ""VV"": 5, ""VH"": 1}","{""angle"": 0.85, ""VV_Difference"": 0.8, ""VVVH_ratio"": 0.75, ""VV"": 0.7, ""VH"": 0.7}",252524,5.22174487717969,4583484,94.77825512282031,252524,5.22174487717969,4583484,94.77825512282031,1894116,39.166932726331304,2941892,60.833067273668696,252524,5.22174487717969,4583484,94.77825512282031
S1_2021_04,S1_2021_25.tif,D:\Maestria_Geomatica\Semestre_IV\Tesis_Python\Datos\TIFF\S1\S1_2021_04\S1_2021_25.tif,4836008,"VV,VH,angle,VVVH_ratio",1379,0.028515254730761407,4834629,99.97148474526924,False,"{""angle"": 3, ""VV_Difference"": 2, ""VVVH_ratio"": 4, ""VV"": 5, ""VH"": 1}","{""angle"": 0.85, ""VV_Difference"": 0.8, ""VVVH_ratio"": 0.75, ""VV"": 0.7, ""VH"": 0.7}",1379,0.028515254730761407,4834629,99.97148474526924,1089279,22.52434239149315,3746729,77.47565760850685,1520688,31.44510927194496,3315320,68.55489072805504,1089279,22.52434239149315,3746729,77.47565760850685
S1_2021_04,S1_2021_28.tif,D:\Maestria_Geomatica\Semestre_IV\Tesis_Python\Datos\TIFF\S1\S1_2021_04\S1_2021_28.tif,4836008,"VV,VH,angle,VVVH_ratio",252285,5.216802784445353,4583723,94.78319721555465,False,"{""angle"": 3, ""VV_Difference"": 2, ""VVVH_ratio"": 4, ""VV"": 5, ""VH"": 1}","{""angle"": 0.85, ""VV_Difference"": 0.8, ""VVVH_ratio"": 0.75, ""VV"": 0.7, ""VH"": 0.7}",252285,5.216802784445353,4583723,94.78319721555465,252285,5.216802784445353,4583723,94.78319721555465,1892927,39.14234633193328,2943081,60.85765366806672,252285,5.216802784445353,4583723,94.78319721555465
S1_2021_04,S1_2021_29.tif,D:\Maestria_Geomatica\Semestre_IV\Tesis_Python\Datos\TIFF\S1\S1_2021_04\S1_2021_29.tif,4836008,"VV,VH,angle,VVVH_ratio",1399,0.028928818976312696,4834609,99.97107118102369,False,"{""angle"": 3, ""VV_Difference"": 2, ""VV"": 1, ""VH"": 4, ""VVVH_ratio"": 5}","{""angle"": 0.85, ""VV_Difference"": 0.8, ""VVVH_ratio"": 0.05, ""VV"": 0.3, ""VH"": 0.3}",1087793,22.493614568048688,3748215,77.50638543195132,1087793,22.493614568048688,3748215,77.50638543195132,1519567,31.42192899598181,3316441,68.57807100401818,1399,0.028928818976312696,4834609,99.97107118102369
S1_2021_05,S1_2021_32.tif,D:\Maestria_Geomatica\Semestre_IV\Tesis_Python\Datos\TIFF\S1\S1_2021_05\S1_2021_32.tif,4836008,"VV,VH,angle,VVVH_ratio",252209,5.215231240312257,4583799,94.78476875968774,True,"{""angle"": 3, ""VV_Difference"": 2, ""VVVH_ratio"": 4, ""VV"": 5, ""VH"": 1}","{""angle"": 0.85, ""VV_Difference"": 0.8, ""VVVH_ratio"": 0.75, ""VV"": 0.7, ""VH"": 0.7}",252209,5.215231240312257,4583799,94.78476875968774,252209,5.215231240312257,4583799,94.78476875968774,1896917,39.22485239892076,2939091,60.77514760107924,252209,5.215231240312257,4583799,94.78476875968774
S1_2021_05,S1_2021_33.tif,D:\Maestria_Geomatica\Semestre_IV\Tesis_Python\Datos\TIFF\S1\S1_2021_05\S1_2021_33.tif,4836008,"VV,VH,angle,VVVH_ratio",2303,0.047621922875230975,4833705,99.95237807712476,False,"{""angle"": 3, ""VV_Difference"": 2, ""VV"": 1, ""VH"": 4, ""VVVH_ratio"": 5}","{""angle"": 0.85, ""VV_Difference"": 0.8, ""VVVH_ratio"": 0.05, ""VV"": 0.3, ""VH"": 0.3}",1091065,22.56127367862088,3744943,77.43872632137912,1091065,22.56127367862088,3744943,77.43872632137912,1524607,31.526147185860733,3311401,68.47385281413926,2303,0.047621922875230975,4833705,99.95237807712476
S1_2021_05,S1_2021_36.tif,D:\Maestria_Geomatica\Semestre_IV\Tesis_Python\Datos\TIFF\S1\S1_2021_05\S1_2021_36.tif,4836008,"VV,VH,angle,VVVH_ratio",252598,5.22327506488823,4583410,94.77672493511177,False,"{""angle"": 3, ""VV_Difference"": 2, ""VVVH_ratio"": 4, ""VV"": 5, ""VH"": 1}","{""angle"": 0.85, ""VV_Difference"": 0.8, ""VVVH_ratio"": 0.75, ""VV"": 0.7, ""VH"": 0.7}",252598,5.22327506488823,4583410,94.77672493511177,252598,5.22327506488823,4583410,94.77672493511177,1893547,39.15516682354537,2942461,60.84483317645463,252598,5.22327506488823,4583410,94.77672493511177
S1_2021_05,S1_2021_37.tif,D:\Maestria_Geomatica\Semestre_IV\Tesis_Python\Datos\TIFF\S1\S1_2021_05\S1_2021_37.tif,4836008,"VV,VH,angle,VVVH_ratio",1490,0.030810536293571063,4834518,99.96918946370643,False,"{""angle"": 3, ""VV_Difference"": 2, ""VVVH_ratio"": 4, ""VV"": 5, ""VH"": 1}","{""angle"": 0.85, ""VV_Difference"": 0.8, ""VVVH_ratio"": 0.75, ""VV"": 0.7, ""VH"": 0.7}",1490,0.030810536293571063,4834518,99.96918946370643,1088366,22.505463183683734,3747642,77.49453681631627,1520180,31.434604740107957,3315828,68.56539525989204,1088366,22.505463183683734,3747642,77.49453681631627
S1_2021_05,S1_2021_40.tif,D:\Maestria_Geomatica\Semestre_IV\Tesis_Python\Datos\TIFF\S1\S1_2021_05\S1_2021_40.tif,4836008,"VV,VH,angle,VVVH_ratio",253282,5.2374189620860845,4582726,94.76258103791392,False,"{""angle"": 3, ""VV_Difference"": 2, ""VVVH_ratio"": 4, ""VV"": 1, ""VH"": 5}","{""angle"": 0.85, ""VV_Difference"": 0.8, ""VVVH_ratio"": 0.75, ""VV"": 0.7, ""VH"": 0.7}",253282,5.2374189620860845,4582726,94.76258103791392,253282,5.2374189620860845,4582726,94.76258103791392,1895385,39.19317337771153,2940623,60.80682662228847,253282,5.2374189620860845,4582726,94.76258103791392
S1_2021_05,S1_2021_41.tif,D:\Maestria_Geomatica\Semestre_IV\Tesis_Python\Datos\TIFF\S1\S1_2021_05\S1_2021_41.tif,4836008,"VV,VH,angle,VVVH_ratio",1253,0.02590979998378828,4834755,99.9740902000162,False,"{""angle"": 3, ""VV_Difference"": 2, ""VVVH_ratio"": 4, ""VV"": 1, ""VH"": 5}","{""angle"": 0.85, ""VV_Difference"": 0.8, ""VVVH_ratio"": 0.75, ""VV"": 0.7, ""VH"": 0.7}",1090973,22.559371283091345,3745035,77.44062871690866,1253,0.02590979998378828,4834755,99.9740902000162,1521699,31.46601494455758,3314309,68.53398505544243,1090973,22.559371283091345,3745035,77.44062871690866
S1_2021_09,S1_2021_72.tif,D:\Maestria_Geomatica\Semestre_IV\Tesis_Python\Datos\TIFF\S1\S1_2021_09\S1_2021_72.tif,4836008,"VV,VH,angle,VVVH_ratio",254262,5.2576836101180975,4581746,94.7423163898819,True,"{""angle"": 3, ""VV_Difference"": 2, ""VVVH_ratio"": 4, ""VV"": 5, ""VH"": 1}","{""angle"": 0.85, ""VV_Difference"": 0.8, ""VVVH_ratio"": 0.75, ""VV"": 0.7, ""VH"": 0.7}",254262,5.2576836101180975,4581746,94.7423163898819,254284,5.258138530788204,4581724,94.7418614692118,1895143,39.188169250340366,2940865,60.811830749659634,254284,5.258138530788204,4581724,94.7418614692118
S1_2021_09,S1_2021_73.tif,D:\Maestria_Geomatica\Semestre_IV\Tesis_Python\Datos\TIFF\S1\S1_2021_09\S1_2021_73.tif,4836008,"VV,VH,angle,VVVH_ratio",181,0.0037427564222391693,4835827,99.99625724357776,False,"{""angle"": 3, ""VV_Difference"": 2, ""VVVH_ratio"": 4, ""VV"": 5, ""VH"": 1}","{""angle"": 0.85, ""VV_Difference"": 0.8, ""VVVH_ratio"": 0.75, ""VV"": 0.7, ""VH"": 0.7}",181,0.0037427564222391693,4835827,99.99625724357776,1088422,22.506621163571275,3747586,77.49337883642872,1520414,31.439443441780906,3315594,68.56055655821909,1088422,22.506621163571275,3747586,77.49337883642872
S1_2021_09,S1_2021_76.tif,D:\Maestria_Geomatica\Semestre_IV\Tesis_Python\Datos\TIFF\S1\S1_2021_09\S1_2021_76.tif,4837824,"VV,VH,angle,VVVH_ratio",254590,5.2624899128203095,4583234,94.73751008717969,False,"{""angle"": 3, ""VV_Difference"": 2, ""VVVH_ratio"": 4, ""VV"": 5, ""VH"": 1}","{""angle"": 0.85, ""VV_Difference"": 0.8, ""VVVH_ratio"": 0.75, ""VV"": 0.7, ""VH"": 0.7}",254590,5.2624899128203095,4583234,94.73751008717969,255133,5.273713967271236,4582691,94.72628603272877,1895622,39.18336012223678,2942202,60.81663987776322,255133,5.273713967271236,4582691,94.72628603272877
S1_2021_09,S1_2021_77.tif,D:\Maestria_Geomatica\Semestre_IV\Tesis_Python\Datos\TIFF\S1\S1_2021_09\S1_2021_77.tif,4837824,"VV,VH,angle,VVVH_ratio",0,0.0,4837824,100.0,False,"{""angle"": 3, ""VV_Difference"": 2, ""VVVH_ratio"": 4, ""VV"": 1, ""VH"": 5}","{""angle"": 0.85, ""VV_Difference"": 0.8, ""VVVH_ratio"": 0.75, ""VV"": 0.3, ""VH"": 0.3}",1088160,22.49275707425487,3749664,77.50724292574513,0,0.0,4837824,100.0,1519069,31.399840093397362,3318755,68.60015990660264,1088160,22.49275707425487,3749664,77.50724292574513
S1_2021_09,S1_2021_80.tif,D:\Maestria_Geomatica\Semestre_IV\Tesis_Python\Datos\TIFF\S1\S1_2021_09\S1_2021_80.tif,4836008,"VV,VH,angle,VVVH_ratio",254234,5.257104620174325,4581774,94.74289537982567,False,"{""angle"": 3, ""VV_Difference"": 2, ""VVVH_ratio"": 4, ""VV"": 5, ""VH"": 1}","{""angle"": 0.85, ""VV_Difference"": 0.8, ""VVVH_ratio"": 0.75, ""VV"": 0.7, ""VH"": 0.7}",254234,5.257104620174325,4581774,94.74289537982567,255236,5.277824188876445,4580772,94.72217581112355,1893787,39.160129594491984,2942221,60.839870405508016,255236,5.277824188876445,4580772,94.72217581112355
S1_2021_09,S1_2021_81.tif,D:\Maestria_Geomatica\Semestre_IV\Tesis_Python\Datos\TIFF\S1\S1_2021_09\S1_2021_81.tif,4837824,"VV,VH,angle,VVVH_ratio",0,0.0,4837824,100.0,False,"{""angle"": 3, ""VV_Difference"": 2, ""VVVH_ratio"": 4, ""VV"": 1, ""VH"": 5}","{""angle"": 0.85, ""VV_Difference"": 0.8, ""VVVH_ratio"": 0.75, ""VV"": 0.3, ""VH"": 0.3}",1086793,22.464500568850788,3751031,77.5354994311492,0,0.0,4837824,100.0,1517738,31.37232772419997,3320086,68.62767227580002,1086793,22.464500568850788,3751031,77.5354994311492
S1_2021_10,S1_2021_83.tif,D:\Maestria_Geomatica\Semestre_IV\Tesis_Python\Datos\TIFF\S1\S1_2021_10\S1_2021_83.tif,4837824,"VV,VH,angle,VVVH_ratio",254561,5.261890469764919,4583263,94.73810953023508,True,"{""angle"": 3, ""VV_Difference"": 2, ""VV"": 1, ""VH"": 4, ""VVVH_ratio"": 5}","{""angle"": 0.85, ""VV_Difference"": 0.8, ""VVVH_ratio"": 0.05, ""VV"": 0.3, ""VH"": 0.3}",254752,5.26583852575042,4583072,94.73416147424958,254752,5.26583852575042,4583072,94.73416147424958,1897527,39.222737329840854,2940297,60.777262670159146,254561,5.261890469764919,4583263,94.73810953023508
S1_2021_10,S1_2021_84.tif,D:\Maestria_Geomatica\Semestre_IV\Tesis_Python\Datos\TIFF\S1\S1_2021_10\S1_2021_84.tif,4837824,"VV,VH,angle,VVVH_ratio",0,0.0,4837824,100.0,False,"{""angle"": 3, ""VV_Difference"": 2, ""VVVH_ratio"": 4, ""VV"": 1, ""VH"": 5}","{""angle"": 0.85, ""VV_Difference"": 0.8, ""VVVH_ratio"": 0.75, ""VV"": 0.3, ""VH"": 0.3}",1090451,22.540113075630696,3747373,77.4598869243693,0,0.0,4837824,100.0,1522528,31.47133918059028,3315296,68.52866081940972,1090451,22.540113075630696,3747373,77.4598869243693
