label,SR_B5,SR_B6,SR_B7,NDVI,EVI,NBR,NDWI
1,0.3543174862861633,0.1542274951934814,0.0746700018644332,0.8230897784233093,0.5583605170249939,0.39345583319664,-0.719667375087738
1,0.2000149935483932,0.1395699977874755,0.0852850005030632,0.6404252648353577,0.3113794028759002,0.1779966652393341,-0.6334255337715149
1,0.1156449988484382,0.0992550030350685,0.0740374997258186,0.4772070348262787,0.1616819202899933,0.0762680098414421,-0.4850318431854248
1,0.1108324974775314,0.1414674967527389,0.208759993314743,0.2455364018678665,0.0989735126495361,-0.1214229092001915,-0.2636964917182922
1,0.1130599975585937,0.1061024963855743,0.0807475000619888,0.4170583486557007,0.1385929882526397,0.031745858490467,-0.4124334156513214
1,0.1241424977779388,0.1505974978208542,0.1595074981451034,0.2937574684619903,0.1099573001265525,-0.0296629052609205,-0.360786110162735
1,0.2011699974536895,0.1655025035142898,0.1061299964785575,0.5253584980964661,0.2552840113639831,0.130614623427391,-0.5373798608779907
1,0.2597725093364715,0.1592874974012375,0.0962850004434585,0.5931795835494995,0.362606793642044,0.1981748193502426,-0.5741602182388306
1,0.1131424978375434,0.1042324975132942,0.0789325013756752,0.3651569187641144,0.1264419257640838,0.0409890748560428,-0.4306668639183044
1,0.3501099944114685,0.1786475032567978,0.0899600014090538,0.7772637009620667,0.5354480743408203,0.3442755937576294,-0.7204223871231079
1,0.1059924960136413,0.108618751168251,0.0978662520647049,0.2584967315196991,0.0891069620847702,-0.0207115337252616,-0.3042578399181366
1,0.1418800055980682,0.1733949929475784,0.1462250053882599,0.2017109394073486,0.0966744497418403,-0.0999603122472763,-0.2823571860790252
1,0.0908949971199035,0.0699262470006942,0.0507587492465972,0.5409290790557861,0.1383365392684936,0.1278970688581466,-0.5235129594802856
1,0.084487497806549,0.0463450029492378,0.0233549997210502,0.7677632570266724,0.1591088324785232,0.295129656791687,-0.7397857308387756
1,0.1221487522125244,0.0878012478351593,0.0614012479782104,0.5113452672958374,0.1690578460693359,0.1508088409900665,-0.4703758955001831
1,0.2382950037717819,0.3324275016784668,0.2323825061321258,0.3925099372863769,0.2351112365722656,-0.1649356633424759,-0.4692449271678924
1,0.0845699980854988,0.1068724989891052,0.1017849966883659,0.2316991090774536,0.0668531060218811,-0.0829994976520538,-0.299922227859497
1,0.1181749999523162,0.1161675006151199,0.1029950007796287,0.2724977731704712,0.1099053472280502,0.0044022342190146,-0.3551936447620392
1,0.1159062534570694,0.0696649998426437,0.0451487526297569,0.5871731638908386,0.1758899837732315,0.2522907555103302,-0.6116648316383362
1,0.099090002477169,0.0931224972009658,0.0728550031781196,0.380708247423172,0.1304381936788559,0.0871350988745689,-0.4198563396930694
1,0.1062399968504905,0.0833325013518333,0.0567125007510185,0.5099957585334778,0.16215181350708,0.1089085489511489,-0.533676028251648
1,0.1020599976181984,0.0721950009465217,0.0434300005435943,0.5848133563995361,0.1595075577497482,0.1713867485523224,-0.6254180669784546
1,0.1171299964189529,0.1843674927949905,0.2580949962139129,0.3150479793548584,0.1243572011590004,-0.1948816925287246,-0.4182516038417816
1,0.1746187508106231,0.0985675007104873,0.0544025003910064,0.6628809571266174,0.2747810482978821,0.2756140828132629,-0.6344011425971985
1,0.0990625023841857,0.0693074986338615,0.0443374998867511,0.5549957156181335,0.17265085875988,0.1272774785757064,-0.5576463341712952
1,0.1015375033020973,0.2302650064229965,0.4479824900627136,0.191236063838005,0.0708436146378517,-0.3744972050189972,-0.2710678577423095
1,0.1002862453460693,0.0823837518692016,0.0622950010001659,0.4190533459186554,0.1244373843073844,0.0944877117872238,-0.4670813083648681
1,0.1248850002884864,0.0852575004100799,0.0495624989271163,0.6930689811706543,0.2172998338937759,0.18857441842556,-0.672184407711029
1,0.134674996137619,0.1227125003933906,0.0828099995851516,0.4291136264801025,0.1704684197902679,0.0464765988290309,-0.4513563513755798
1,0.1374800056219101,0.0969450026750564,0.0582799986004829,0.6459742784500122,0.2181454449892044,0.196409210562706,-0.6304675936698914
1,0.1070374995470047,0.0710949972271919,0.0411750003695488,0.5880153179168701,0.1869437992572784,0.1786430180072784,-0.5818769335746765
1,0.1020874977111816,0.1025549992918968,0.0856425017118454,0.3063613772392273,0.1000459939241409,-0.0022844795603305,-0.3451583087444305
1,0.0784374997019767,0.0708749964833259,0.0525600016117095,0.478035569190979,0.1098737493157386,0.1265069395303726,-0.529965341091156
1,0.0515424981713295,0.0593524985015392,0.0696099996566772,0.1430076211690902,0.0292084421962499,-0.0704269856214523,-0.2272023558616638
1,0.0845699980854988,0.1068724989891052,0.1017849966883659,0.2316991090774536,0.0668531060218811,-0.0829994976520538,-0.299922227859497
1,0.0938649997115135,0.117817498743534,0.132860004901886,0.2390568405389785,0.08701903373003,-0.1131529510021209,-0.3067090213298797
1,0.1307699978351593,0.1073400005698204,0.0902900025248527,0.4856140911579132,0.1752330064773559,0.0983998849987983,-0.5274088978767395
1,0.1256275027990341,0.1278000026941299,0.1324474960565567,0.2834848761558532,0.1102635860443115,-0.0085724703967571,-0.3556619882583618
1,0.134234994649887,0.139212504029274,0.1073675006628036,0.3681568503379822,0.1460547894239425,-0.0182027965784072,-0.4225836992263794
1,0.1153424978256225,0.0921325013041496,0.0666399970650672,0.5133610963821411,0.1701952219009399,0.1125358566641807,-0.5172727108001709
1,0.152233749628067,0.0941125005483627,0.0539899989962577,0.6702216267585754,0.252716064453125,0.2402834892272949,-0.6570782661437988
1,0.1868837475776672,0.1062262505292892,0.0597649998962879,0.6915370225906372,0.308928519487381,0.2829382121562958,-0.6728881001472473
1,0.3051062524318695,0.1821262538433075,0.1133762449026107,0.6389141082763672,0.4142014384269714,0.2516956329345703,-0.6163380742073059
1,0.2242700010538101,0.2424200028181076,0.1762275099754333,0.3182826042175293,0.1844059824943542,-0.0512255765497684,-0.3740772604942322
1,0.1218187510967254,0.0640962496399879,0.0363212525844574,0.7199658751487732,0.2197204530239105,0.3067117631435394,-0.6482239365577698
1,0.1633162498474121,0.1474625021219253,0.109154999256134,0.4023624658584595,0.1754030883312225,0.0549169555306434,-0.4072119295597076
1,0.1717724949121475,0.1754025071859359,0.1278550028800964,0.4314241111278534,0.1961552053689956,-0.0104558570310473,-0.4673285782337188
1,0.3098500072956085,0.1993274986743927,0.1148200035095214,0.6462337374687195,0.4452475607395172,0.2109860777854919,-0.6057628393173218
1,0.3350675106048584,0.2367275059223175,0.1494974941015243,0.6204057335853577,0.4410597085952759,0.2081252932548523,-0.5914105176925659
1,0.2084712535142898,0.1799674928188324,0.1126887500286102,0.5549641251564026,0.2642740607261657,0.0733618959784507,-0.5863490104675293
1,0.1235650032758712,0.1187250018119812,0.0882275030016899,0.4090915620326996,0.1471832692623138,0.0199760682880878,-0.4532998204231262
1,0.2346374988555908,0.1997949928045272,0.1344275027513504,0.3950450420379638,0.2400431931018829,0.0858735889196395,-0.4288287162780761
1,0.2346374988555908,0.1997949928045272,0.1344275027513504,0.3950450420379638,0.2400431931018829,0.0858735889196395,-0.4288287162780761
1,0.1832812428474426,0.132750004529953,0.0850787460803985,0.5402159094810486,0.243617907166481,0.1633577197790146,-0.5488796234130859
1,0.1428699940443039,0.1175424978137016,0.072222501039505,0.5335363745689392,0.1976338475942611,0.0972591415047645,-0.5447075366973877
1,0.1394875049591064,0.0946900025010109,0.0656087547540664,0.5671075582504272,0.2109216600656509,0.197190448641777,-0.5764535665512085
1,0.1566199958324432,0.0946900025010109,0.0555575005710125,0.7124759554862976,0.2738381326198578,0.2585459351539612,-0.6543879508972168
1,0.1651725023984909,0.1004374995827674,0.0967800021171569,0.6412845253944397,0.2628243863582611,0.2415289580821991,-0.6305787563323975
1,0.226524993777275,0.2409212589263916,0.1701637506484985,0.3946092128753662,0.2322271168231964,-0.0371306017041206,-0.4453716278076172
1,0.1717587560415268,0.1004649996757507,0.0672862529754638,0.6230003833770752,0.2619293332099914,0.2650319039821625,-0.6190633773803711
1,0.1581050008535385,0.1821262538433075,0.212761253118515,0.3643403351306915,0.1636607199907302,-0.0752832889556884,-0.4176395237445831
1,0.1529075056314468,0.1441349983215332,0.1024174988269805,0.517014741897583,0.2086499035358429,0.0295328348875045,-0.5085772275924683
1,0.1230150014162063,0.1208700016140937,0.1024449989199638,0.4643553495407104,0.1531526744365692,0.0087951282039284,-0.5105912685394287
1,0.194762498140335,0.1146825030446052,0.0729100033640861,0.6927957534790039,0.3055201172828674,0.2587858736515045,-0.6869491934776306
1,0.1258475035429,0.1485075056552887,0.1531549990177154,0.2619770169258117,0.1046589910984039,-0.0825937241315841,-0.356224924325943
1,0.1276624947786331,0.114655002951622,0.1098975017666816,0.4004799127578735,0.1464746594429016,0.0536795407533645,-0.4661632478237152
1,0.1128949970006942,0.1063499972224235,0.0797574967145919,0.3758664131164551,0.1244368925690651,0.0298524480313062,-0.4345208704471588
1,0.2178899943828582,0.1896750032901764,0.1320624947547912,0.5031042695045471,0.265822023153305,0.0692282021045684,-0.5035321116447449
1,0.2030950039625167,0.1607449948787689,0.1024174988269805,0.6209022402763367,0.2892312705516815,0.1163973435759544,-0.604526937007904
1,0.0811875015497207,0.069032497704029,0.0475274994969368,0.4154335558414459,0.1015897989273071,0.0809146836400032,-0.4473537802696228
1,0.056657500565052,0.0676575005054473,0.0706000030040741,0.1625032275915146,0.0355665348470211,-0.0884848982095718,-0.2346035689115524
1,0.1130324974656105,0.147599995136261,0.1315950006246566,0.1724299043416977,0.0662690922617912,-0.1326292753219604,-0.271635502576828
1,0.0887774974107742,0.0906474962830543,0.0762374997138977,0.3167096078395843,0.0882807672023773,-0.0104221757501363,-0.3826924860477447
1,0.0658975020051002,0.1618449985980987,0.4723474979400635,0.1893513798713684,0.0468270517885685,-0.4212981462478637,-0.2630091309547424
1,0.1031050011515617,0.1175699979066848,0.1143800020217895,0.2494357526302337,0.0834736675024032,-0.0655488669872284,-0.3377012908458709
1,0.1153837516903877,0.0974262505769729,0.0761274993419647,0.4094391763210296,0.1338799744844436,0.0821310505270958,-0.4259496331214905
1,0.1758974939584732,0.1651175022125244,0.1093199998140335,0.4912254512310028,0.2136093527078628,0.0316114872694015,-0.5488195419311523
1,0.062789998948574,0.0680425018072128,0.0650174990296363,0.2468228638172149,0.0543720126152038,-0.0401467755436897,-0.304896742105484
1,0.1030362546443939,0.1206362545490264,0.126713752746582,0.1863325536251068,0.0641713142395019,-0.0855886116623878,-0.2526216208934784
1,0.1174187511205673,0.1200449988245964,0.10258249938488,0.3904394507408142,0.1341262757778167,0.0020165427122265,-0.4329639971256256
1,0.2501887381076813,0.1794725060462951,0.1111074984073638,0.6030215620994568,0.3574337959289551,0.1829456984996795,-0.6052129864692688
1,0.3262675106525421,0.3531624972820282,0.2313099950551986,0.4840037822723388,0.3422065079212188,-0.0395846329629421,-0.5189627408981323
1,0.1343725025653839,0.1237712502479553,0.0961750000715255,0.4214914739131927,0.1609059572219848,0.0356838256120681,-0.4577686190605163
1,0.1641687452793121,0.1270574927330017,0.0867562517523765,0.5378783941268921,0.2153063118457794,0.1257996559143066,-0.5492656230926514
1,0.1805450022220611,0.1661349982023239,0.1139537543058395,0.4507796764373779,0.2105068862438202,0.0375945791602134,-0.4815903604030609
1,0.101620003581047,0.080664999783039,0.0596274994313716,0.4376967549324035,0.1268577724695205,0.1149573624134063,-0.5385605692863464
1,0.2065737545490265,0.163866251707077,0.1007812470197677,0.5680947303771973,0.2764434218406677,0.1127396002411842,-0.5789820551872253
1,0.1100075021386146,0.0806099995970726,0.0595724992454052,0.5747414231300354,0.1660751700401306,0.1542224735021591,-0.6325826644897461
1,0.1173500046133995,0.1316087543964386,0.1493050009012222,0.36058509349823,0.134934201836586,-0.0721792802214622,-0.3935293853282928
1,0.1246787533164024,0.1448637545108795,0.1695449948310852,0.22280915081501,0.09115532040596,-0.0777092278003692,-0.2791564166545868
1,0.171291247010231,0.1183537542819976,0.0767325013875961,0.5928115248680115,0.2506313621997833,0.1630240380764007,-0.6237344741821289
1,0.1746050119400024,0.10597874969244,0.0620750002562999,0.6753261685371399,0.2760614454746246,0.2420012056827545,-0.6861103773117065
1,0.0951574966311454,0.070710003376007,0.0437875017523765,0.6133517026901245,0.1502999067306518,0.1473917067050933,-0.6319941282272339
1,0.1568399965763092,0.1487412452697754,0.1200174987316131,0.355431467294693,0.1630396246910095,0.0324868075549602,-0.4309664666652679
1,0.1172949969768524,0.1180374994874,0.0816825032234191,0.4875713288784027,0.152628406882286,-0.0031551211141049,-0.5711343884468079
1,0.0884200036525726,0.0649074986577034,0.0478575006127357,0.41781085729599,0.1127546727657318,0.1380776017904281,-0.3846879303455353
1,0.1207050010561943,0.0624875016510486,0.0328974984586238,0.7523636817932129,0.2146966606378555,0.3177941143512726,-0.7750409245491028
1,0.1227950006723404,0.063230000436306,0.0319349989295005,0.778799831867218,0.2234873175621032,0.3201988935470581,-0.7816388010978699
1,0.1313337385654449,0.1209387481212616,0.0891487449407577,0.4445869922637939,0.1664936542510986,0.0222663599997758,-0.4738461971282959
1,0.1371500045061111,0.1401199996471405,0.0967250019311904,0.4091236293315887,0.1537350863218307,-0.0107115628197789,-0.5111699104309082
1,0.1381537467241287,0.126713752746582,0.095913752913475,0.48961141705513,0.1860392838716507,0.0346546545624733,-0.5334882736206055
1,0.1571699976921081,0.2047725021839141,0.2721887528896332,0.2318312972784042,0.1192654073238372,-0.1460225284099578,-0.3185192346572876
1,0.1653512418270111,0.1413850039243698,0.100808747112751,0.4971199333667755,0.2071917802095413,0.0658979713916778,-0.5126000642776489
1,0.1636050045490265,0.1698062419891357,0.1363937556743621,0.356987863779068,0.1619474738836288,-0.0307890493422746,-0.4089837670326233
1,0.0930674970149993,0.1006712466478347,0.0742575004696846,0.4487955868244171,0.1205541342496872,-0.0445150509476661,-0.5205101370811462
1,0.1246512532234191,0.0831400007009506,0.0493424981832504,0.6213864684104919,0.2009565979242324,0.1891135573387146,-0.605445146560669
1,0.1480675041675567,0.0999699980020523,0.0601225011050701,0.640160083770752,0.227393239736557,0.1939122378826141,-0.6869223713874817
1,0.1070649996399879,0.1251049935817718,0.1058275029063224,0.2818317711353302,0.0948686674237251,-0.0777016580104827,-0.3594908416271209
1,0.1164150014519691,0.1059375032782554,0.0828924998641014,0.2162686735391616,0.093286357820034,-0.032181292772293,-0.2377006411552429
1,0.1156449988484382,0.0932599976658821,0.059077501296997,0.558785080909729,0.1674741804599762,0.1411187797784805,-0.5627290606498718
1,0.1525225043296814,0.1486175060272216,0.1320624947547912,0.3615973591804504,0.1586258858442306,0.0129673844203352,-0.3844405114650726
1,0.2136275023221969,0.134234994649887,0.0786575004458427,0.658844530582428,0.3172764182090759,0.2336911261081695,-0.6464308500289917
1,0.1633850038051605,0.1203337535262107,0.0756324976682663,0.5828363299369812,0.2345101684331894,0.1483918726444244,-0.584540843963623
1,0.1646637618541717,0.1047825068235397,0.0582662485539913,0.6916288137435913,0.2686797976493835,0.2174486517906189,-0.6681002378463745
1,0.1026099994778633,0.1188625022768974,0.1122350022196769,0.2909759879112243,0.0945772677659988,-0.0733838379383087,-0.3828375041484833
1,0.2782937288284302,0.1274012476205825,0.0593112483620643,0.8255012035369873,0.4554924368858337,0.3727656900882721,-0.7964476346969604
1,0.1210350021719932,0.0895475000143051,0.0584724992513656,0.5807620882987976,0.1863160878419876,0.1495257318019867,-0.5664159059524536
1,0.1285012513399124,0.104081243276596,0.0849962532520294,0.4462295770645141,0.1526362746953964,0.1427382081747055,-0.4500459432601928
1,0.1409175097942352,0.1201962456107139,0.089341253042221,0.4466622173786163,0.1734631508588791,0.074720375239849,-0.4918688833713531
1,0.1290374994277954,0.1012625023722648,0.0804999992251396,0.4687344431877136,0.1784756481647491,0.120603546500206,-0.4742719829082489
1,0.1031875014305114,0.078148752450943,0.0556812509894371,0.5361409783363342,0.1558809280395507,0.1350071281194687,-0.5238595008850098
1,0.1059374958276748,0.0701875016093254,0.0458225011825561,0.6017352342605591,0.1678476780653,0.2088266313076019,-0.5802536606788635
1,0.236782506108284,0.1969899982213974,0.1450974941253662,0.4628687500953674,0.2567405700683594,0.0897324085235595,-0.5000216960906982
1,0.3382574915885925,0.2016099989414215,0.1178724989295005,0.6591288447380066,0.4386259019374847,0.2631615400314331,-0.6170991659164429
1,0.1414400041103363,0.0914587527513504,0.0652099996805191,0.5090109705924988,0.2079174965620041,0.1803985983133316,-0.5169507265090942
1,0.1707137525081634,0.2113175094127655,0.1982274949550628,0.2051779627799987,0.1031403914093971,-0.0843255370855331,-0.2793417870998382
1,0.1249950006604194,0.146197497844696,0.1237299963831901,0.3264003992080688,0.1283669769763946,-0.1055945381522178,-0.3512425124645233
1,0.2027650028467178,0.1726800054311752,0.1320900022983551,0.3903250396251678,0.2066198289394378,0.0780785009264946,-0.4035579562187195
1,0.1780975013971328,0.138772502541542,0.0959412455558776,0.5058695673942566,0.2286963909864425,0.1169251129031181,-0.5367403626441956
1,0.1370950043201446,0.0904825031757354,0.0538524985313415,0.6574632525444031,0.2381755411624908,0.2048203349113464,-0.6408246159553528
1,0.0847624987363815,0.0759899988770484,0.063230000436306,0.3309909999370575,0.0967693030834198,0.0545714683830738,-0.3344484865665436
1,0.2148375064134597,0.1467750072479248,0.08228749781847,0.6849732398986816,0.3520772457122803,0.2170027941465377,-0.6479427814483643
1,0.0922425016760826,0.2056249976158142,0.1996024996042251,0.3418310880661011,0.1033002957701683,-0.3806474208831787,-0.4214389026165008
1,0.1005750000476837,0.1640174984931945,0.2174225002527237,0.1867431849241256,0.065018706023693,-0.2397743612527847,-0.2686649560928345
1,0.1929612457752227,0.29017373919487,0.1975262463092804,0.4071984589099884,0.211848571896553,-0.2009852677583694,-0.4543434679508209
1,0.0935074985027313,0.1656125038862228,0.137810006737709,0.4282223284244537,0.1201333925127983,-0.2782687842845917,-0.5036986470222473
1,0.1535950005054474,0.1128399968147277,0.061744999140501,0.7003528475761414,0.2630946934223175,0.1529641598463058,-0.6804015040397644
1,0.127250000834465,0.1519725024700164,0.0944975018501281,0.534866213798523,0.1820491105318069,-0.0885405093431472,-0.6076561212539673
1,0.2472050040960312,0.1564275026321411,0.0800049975514411,0.7701437473297119,0.4063418805599212,0.2249013632535934,-0.7164034247398376
1,0.2148099988698959,0.146197497844696,0.0743400007486343,0.7452344298362732,0.3552788496017456,0.1900583803653717,-0.6948704719543457
1,0.1807924956083297,0.121749997138977,0.0638900026679039,0.7335970401763916,0.3102486729621887,0.1951543986797332,-0.6817124485969543
1,0.1795825064182281,0.1162500008940696,0.0606999993324279,0.7235852479934692,0.3139925301074981,0.2140823006629943,-0.6762458086013794
1,0.1157824993133544,0.0914724990725517,0.0537424981594085,0.6077274084091187,0.1848303228616714,0.1172951236367225,-0.6603509783744812
1,0.2734949886798858,0.176997497677803,0.0911424979567527,0.7480745315551758,0.4251408278942108,0.2142044454813003,-0.7028781175613403
1,0.101620003581047,0.1771624982357025,0.1453724950551986,0.4140402376651764,0.1269744485616684,-0.27097287774086,-0.5108815431594849
1,0.2938725054264068,0.1511474996805191,0.0743400007486343,0.8073200583457947,0.4930435717105865,0.3207159340381622,-0.7156305313110352
1,0.3765099942684173,0.2223449945449829,0.1126750037074089,0.6954563856124878,0.5138527750968933,0.2574329376220703,-0.6263755559921265
1,0.2783074975013733,0.2225237488746643,0.1686649918556213,0.3161210715770721,0.2132511138916015,0.1104761883616447,-0.3701143860816955
1,0.3503575026988983,0.2854025065898895,0.1726800054311752,0.5793519020080566,0.4300120770931244,0.1021690517663955,-0.5585817694664001
1,0.1457024961709976,0.0899325013160705,0.0558875016868114,0.5988642573356628,0.22530397772789,0.2366795837879181,-0.5725271105766296
1,0.1222999989986419,0.1186425015330314,0.1058000028133392,0.3851097822189331,0.1496176421642303,0.0151799600571393,-0.3592853546142578
1,0.1678400039672851,0.1196049973368644,0.0787400007247924,0.3134433627128601,0.1656374782323837,0.1678060442209243,-0.3111859858036041
1,0.1557675004005432,0.171387493610382,0.1206500008702278,0.2916580140590668,0.141346275806427,-0.0477449335157871,-0.3355125188827514
1,0.1400925070047378,0.0967525020241737,0.0633675009012222,0.6423746347427368,0.2145633995532989,0.1829888820648193,-0.6357824802398682
1,0.1564275026321411,0.1168000027537345,0.0786850005388259,0.3927259743213653,0.1706600785255432,0.1450348049402237,-0.3617192804813385
1,0.1280200034379959,0.1124825030565261,0.0765400007367134,0.4955389201641083,0.1761407852172851,0.0646043196320533,-0.4637967050075531
1,0.1275524944067001,0.1421412527561187,0.1212687492370605,0.2579276859760284,0.1034149453043937,-0.0552277453243732,-0.3211941123008728
1,0.1099662482738494,0.1248850002884864,0.0993375033140182,0.2961995005607605,0.1011934652924537,-0.0617226809263229,-0.3469910323619842
1,0.1647599935531616,0.1004649996757507,0.0560249984264373,0.6916028261184692,0.2679303884506225,0.2424167990684509,-0.6729450821876526
1,0.0861375033855438,0.055502500385046,0.0336675010621547,0.6118544340133667,0.1424822360277176,0.2162877917289734,-0.6106112003326416
1,0.1059512495994567,0.0914174988865852,0.0741337537765502,0.4767379462718963,0.1377780586481094,0.072963923215866,-0.4967342019081116
1,0.1529899984598159,0.1384975016117096,0.1066799983382225,0.2146160304546356,0.1124109402298927,0.0497191026806831,-0.2105195522308349
1,0.2905449867248535,0.1469125002622604,0.0772275030612945,0.7507324814796448,0.4478383958339691,0.3283347189426422,-0.6911816000938416
1,0.1830199956893921,0.1437225043773651,0.1010150015354156,0.5114377737045288,0.2079847007989883,0.1020388826727867,-0.5317884683609009
1,0.1915999948978424,0.1221349984407424,0.0722775012254715,0.5631725192070007,0.2877063155174255,0.180597722530365,-0.6237648725509644
1,0.1374112516641616,0.1431175023317337,0.1071199998259544,0.3812529742717743,0.1508207023143768,-0.0235567670315504,-0.4126357436180115
1,0.0784099996089935,0.0777775049209594,0.0642337501049041,0.2688020765781402,0.0727139338850975,0.0036726188845932,-0.3175594210624695
1,0.1889050006866455,0.165584996342659,0.1043149977922439,0.551581084728241,0.2434817254543304,0.0657846629619598,-0.5852389931678772
1,0.1043699979782104,0.1118500009179115,0.0922150015830993,0.3400095999240875,0.1090044602751731,-0.0345944091677665,-0.393899917602539
1,0.0645774975419044,0.1533475071191787,0.3797549903392792,0.1623543053865432,0.0390815772116184,-0.4073420166969299,-0.2495646178722381
0,0.3064124882221222,0.1648975014686584,0.0968625023961067,0.6405544281005859,0.4007166028022766,0.3002588450908661,-0.5854628682136536
0,0.1765024960041046,0.1977050006389618,0.1433649957180023,0.1822695583105087,0.0909709334373474,-0.0566597543656826,-0.2849979400634765
0,0.2818962335586548,0.1510924994945526,0.0808025002479553,0.7056732177734375,0.4259151220321655,0.3023594915866852,-0.6505959033966064
0,0.3064124882221222,0.1648975014686584,0.0968625023961067,0.6405544281005859,0.4007166028022766,0.3002588450908661,-0.5854628682136536
0,0.2818962335586548,0.1510924994945526,0.0808025002479553,0.7056732177734375,0.4259151220321655,0.3023594915866852,-0.6505959033966064
0,0.2193475067615509,0.21135875582695,0.1451662480831146,0.4671304523944855,0.2336181104183197,-0.020193874835968,-0.505524754524231
0,0.1913249939680099,0.2423650026321411,0.1776849925518036,0.407707154750824,0.2086029201745987,-0.0898308306932449,-0.4377226829528808
0,0.2602950036525726,0.1959175020456314,0.1164975017309188,0.6741657853126526,0.3719909191131592,0.1411129683256149,-0.6590394973754883
0,0.1913249939680099,0.2423650026321411,0.1776849925518036,0.407707154750824,0.2086029201745987,-0.0898308306932449,-0.4377226829528808
0,0.1913249939680099,0.2423650026321411,0.1776849925518036,0.407707154750824,0.2086029201745987,-0.0898308306932449,-0.4377226829528808
0,0.1913249939680099,0.2423650026321411,0.1776849925518036,0.407707154750824,0.2086029201745987,-0.0898308306932449,-0.4377226829528808
0,0.2602950036525726,0.1959175020456314,0.1164975017309188,0.6741657853126526,0.3719909191131592,0.1411129683256149,-0.6590394973754883
0,0.2877950072288513,0.1657087504863739,0.0807199999690055,0.7231889367103577,0.4409881234169006,0.2683915197849273,-0.6763543486595154
0,0.1479162573814392,0.212871253490448,0.143942505121231,0.4359628558158874,0.1818418949842453,-0.1800208091735839,-0.4827741384506225
0,0.0797299966216087,0.0636150017380714,0.0461249984800815,0.5627204775810242,0.1297103762626648,0.1124210506677627,-0.6127025485038757
0,0.1677849888801574,0.1439974904060363,0.0838962495326995,0.5264232754707336,0.2150294631719589,0.0947589576244354,-0.5717233419418335
0,0.1717724949121475,0.097082495689392,0.0585962533950805,0.6692931652069092,0.2704861760139465,0.2621378600597381,-0.6390263438224792
0,0.2171474993228912,0.3150475025177002,0.2156350016593933,0.3606060743331909,0.2170186191797256,-0.238077163696289,-0.42757448554039
0,0.1780149936676025,0.2256174981594085,0.1628074944019317,0.3096440136432647,0.1546865701675415,-0.0864754989743232,-0.4015135765075683
0,0.4516949951648712,0.3532449901103973,0.2006199955940246,0.6737813353538513,0.553263783454895,0.1223072633147239,-0.6376515626907349
0,0.2211900055408477,0.2598962485790252,0.1572524905204773,0.4714346826076507,0.2550142109394073,-0.0876566171646118,-0.5130533576011658
0,0.1977874934673309,0.1248575001955032,0.0692799985408783,0.716830849647522,0.3402331471443176,0.2260378897190094,-0.6569106578826904
0,0.4304787516593933,0.195848748087883,0.0945387482643127,0.8333227038383484,0.6660252809524536,0.4063811302185058,-0.7671018838882446
0,0.2637050151824951,0.2934874892234802,0.2104375064373016,0.3372536599636078,0.2092577815055847,-0.05495161190629,-0.4015748202800751
0,0.3708175122737884,0.2711024880409241,0.1444649994373321,0.6771957874298096,0.5167275667190552,0.155338704586029,-0.6245577931404114
0,0.1901424974203109,0.2417050004005432,0.177959993481636,0.2232730090618133,0.126666784286499,-0.0921383202075958,-0.3597997426986694
0,0.2742237448692322,0.1431312561035156,0.0693899989128112,0.7940058708190918,0.4544200599193573,0.3136452734470367,-0.745307207107544
0,0.3556925058364868,0.2239399999380111,0.1264249980449676,0.7059694528579712,0.4924420118331909,0.2273035198450088,-0.6508803963661194
0,0.3134525120258331,0.1614049971103668,0.0766225010156631,0.7714935541152954,0.4950979053974151,0.3201960921287536,-0.7245880365371704
0,0.2709375023841858,0.151367500424385,0.0710949972271919,0.7701536417007446,0.4469806849956512,0.2831366062164306,-0.7355411648750305
0,0.3497799932956695,0.249473750591278,0.1407937407493591,0.6227303147315979,0.4603007137775421,0.1655292361974716,-0.577535092830658
0,0.2087049931287765,0.1623124927282333,0.0897125005722045,0.6421598792076111,0.3190601766109466,0.1250412762165069,-0.6153461337089539
0,0.2975575029850006,0.1723774969577789,0.0784099996089935,0.7732998728752136,0.4750661849975586,0.2663772702217102,-0.7226242423057556
0,0.2090625017881393,0.2989875078201294,0.2322175055742263,0.1823548227548599,0.1020497009158134,-0.1770002990961074,-0.31327885389328
0,0.3014074862003326,0.146527498960495,0.0571524985134601,0.859636127948761,0.5118141770362854,0.3457644283771515,-0.8008185029029846
0,0.3737737536430359,0.2598137557506561,0.1415224969387054,0.6925323009490967,0.4856294393539428,0.1798485368490219,-0.6849876642227173
0,0.2741137742996216,0.2249987572431564,0.1205125004053115,0.6192662119865417,0.3489674031734466,0.1021491289138794,-0.6559730768203735
0,0.3812674880027771,0.283394992351532,0.1526325047016143,0.6646237373352051,0.5059825778007507,0.1472514271736145,-0.5887966156005859
0,0.1907200068235397,0.1415500044822693,0.0759624987840652,0.7082908749580383,0.3269471526145935,0.1479820609092712,-0.6638241410255432
0,0.330145001411438,0.2410999983549118,0.1401475071907043,0.6850042939186096,0.4682657718658447,0.1558788269758224,-0.6689583659172058
0,0.2894725203514099,0.2551387548446655,0.1556162536144256,0.5577402114868164,0.3688068389892578,0.0591298528015613,-0.5761134624481201
0,0.2814974784851074,0.2882075011730194,0.1713050007820129,0.576583743095398,0.3716182112693786,-0.0107124941423535,-0.5859972834587097
0,0.383783757686615,0.2141637504100799,0.1156862527132034,0.7391097545623779,0.5475502014160156,0.2710567414760589,-0.6759095191955566
0,0.1881349980831146,0.244949996471405,0.1744399964809417,0.3121539950370788,0.1628786623477935,-0.1311867237091064,-0.3843762278556824
0,0.231502503156662,0.2580949962139129,0.1660525053739547,0.3689448535442352,0.217129185795784,-0.0235569309443235,-0.4491455554962158
0,0.3064675033092499,0.1882725059986114,0.1019224971532821,0.7318828701972961,0.4920850694179535,0.2389032542705536,-0.6615207195281982
0,0.3457099795341491,0.2013625055551529,0.1064737439155578,0.6901125311851501,0.4777810275554657,0.2599806487560272,-0.6461443305015564
0,0.2332212626934051,0.1132799983024597,0.0579499974846839,0.7819463014602661,0.4069833755493164,0.3462367951869964,-0.7053529024124146
0,0.3473874926567077,0.2121424973011016,0.105112500488758,0.7791249752044678,0.5173138976097107,0.2417117953300476,-0.7519826292991638
0,0.2852374911308288,0.2171199917793274,0.120361253619194,0.6697977185249329,0.4479592740535736,0.1356261968612671,-0.6299840807914734
0,0.2991662621498108,0.1541450023651123,0.0702424943447113,0.7916566133499146,0.4939891993999481,0.3195228278636932,-0.7128520011901855
0,0.359006255865097,0.2244625091552734,0.1135137528181076,0.6906201839447021,0.493051677942276,0.2279988080263137,-0.6338543891906738
0,0.2982175052165985,0.2860074937343597,0.2244074940681457,0.2485098540782928,0.1917405575513839,0.0208995025604963,-0.331603080034256
0,0.1829375028610229,0.2228675037622451,0.1509687602519989,0.438049167394638,0.2186335325241089,-0.0984148308634758,-0.4627246856689453
0,0.2253150045871734,0.1474075019359588,0.0739137530326843,0.7306352853775024,0.3638869822025299,0.2235451787710189,-0.663973867893219
0,0.2156624943017959,0.2559775114059448,0.1551074981689453,0.5322107672691345,0.2793731391429901,-0.0854783654212951,-0.5621208548545837
0,0.4513649940490722,0.2047725021839141,0.0976049974560737,0.7870091199874878,0.6425619125366211,0.3792929649353027,-0.7552851438522339
0,0.3556925058364868,0.2239399999380111,0.1264249980449676,0.7059694528579712,0.4924420118331909,0.2273035198450088,-0.6508803963661194
0,0.3708175122737884,0.2711024880409241,0.1444649994373321,0.6771957874298096,0.5167275667190552,0.155338704586029,-0.6245577931404114
0,0.1717724949121475,0.097082495689392,0.0585962533950805,0.6692931652069092,0.2704861760139465,0.2621378600597381,-0.6390263438224792
0,0.1907200068235397,0.1415500044822693,0.0759624987840652,0.7082908749580383,0.3269471526145935,0.1479820609092712,-0.6638241410255432
0,0.1732300072908401,0.0913349986076355,0.0492325015366077,0.7335351705551147,0.2963280081748962,0.3095458745956421,-0.6920916438102722
0,0.4949524998664856,0.2669225037097931,0.1444099992513656,0.6921808123588562,0.6022734045982361,0.2972581684589386,-0.6641162037849426
0,0.3016549944877624,0.1861274987459182,0.1007675006985664,0.638116180896759,0.3880805671215057,0.2368422299623489,-0.6438852548599243
0,0.2399175018072128,0.102802500128746,0.0528899990022182,0.7286834716796875,0.3820064961910248,0.4000787734985351,-0.6929576992988586
0,0.2999224960803985,0.1514225006103515,0.0700225010514259,0.799930989742279,0.5139542818069458,0.3290165960788727,-0.7202939391136169
0,0.2782250046730041,0.2202412486076355,0.1432412564754486,0.735424280166626,0.4326242208480835,0.1142984703183174,-0.687477171421051
0,0.2070000022649765,0.1250499933958053,0.0688674971461296,0.6906585097312927,0.3340575695037842,0.2468002140522003,-0.6752316355705261
0,0.2802462577819824,0.2065875083208084,0.1174462512135505,0.5567522644996643,0.3259057998657226,0.1572816371917724,-0.5882421135902405
0,0.2697550058364868,0.2094199955463409,0.1098150014877319,0.6499832272529602,0.3759870529174804,0.1256043910980224,-0.6724511384963989
0,0.3581399917602539,0.2127200067043304,0.1103650033473968,0.7727728486061096,0.5439250469207764,0.254738450050354,-0.726589560508728
0,0.2629624903202057,0.1493874937295913,0.0910049974918365,0.5724130868911743,0.3295277953147888,0.2754334807395935,-0.5598445534706116
0,0.2504225075244903,0.1419350057840347,0.0733224973082542,0.7229523062705994,0.3907072842121124,0.2765016555786133,-0.6671215891838074
0,0.3380100131034851,0.2023250013589859,0.1009325012564659,0.7342740297317505,0.509397029876709,0.2511127591133117,-0.683096706867218
0,0.2018575072288513,0.1144900023937225,0.0619649998843669,0.7806373238563538,0.3456684052944183,0.2761757373809814,-0.715709388256073
0,0.2399175018072128,0.102802500128746,0.0528899990022182,0.7286834716796875,0.3820064961910248,0.4000787734985351,-0.6929576992988586
0,0.2629624903202057,0.1493874937295913,0.0910049974918365,0.5724130868911743,0.3295277953147888,0.2754334807395935,-0.5598445534706116
0,0.3581399917602539,0.2127200067043304,0.1103650033473968,0.7727728486061096,0.5439250469207764,0.254738450050354,-0.726589560508728
0,0.3380100131034851,0.2023250013589859,0.1009325012564659,0.7342740297317505,0.509397029876709,0.2511127591133117,-0.683096706867218
0,0.1540900021791458,0.073184996843338,0.0334475003182888,0.8513317108154297,0.2926870584487915,0.4113067984580993,-0.7769083976745605
0,0.1612812578678131,0.092132493853569,0.0457400009036064,0.7333641052246094,0.2758991718292236,0.2950262129306793,-0.6943514347076416
0,0.2991524934768677,0.3353975117206573,0.2095849961042404,0.4091441631317138,0.2639451920986175,-0.057119246572256,-0.5066290497779846
0,0.307732492685318,0.258397489786148,0.1501574963331222,0.5917266607284546,0.4024884402751922,0.0871443003416061,-0.5658894181251526
0,0.243025004863739,0.2257274985313415,0.1303437501192093,0.6285033822059631,0.3342795968055725,0.0419866144657135,-0.6517537236213684
0,0.3418599963188171,0.2952199876308441,0.1707825064659118,0.5591179728507996,0.3857268691062927,0.0736607238650322,-0.5931865572929382
0,0.2264699935913086,0.2081412523984909,0.1222037523984909,0.5558716654777527,0.2905686497688293,0.042503535747528,-0.5694823861122131
0,0.244729995727539,0.1242249980568885,0.0610025003552436,0.7893467545509338,0.445982277393341,0.3212967216968536,-0.7173698544502258
0,0.3210424780845642,0.2230187356472015,0.1103512495756149,0.7220516204833984,0.4666802287101745,0.1992882192134857,-0.6976041197776794
0,0.2216574996709823,0.2319699972867965,0.1408624947071075,0.5726524591445923,0.3199189007282257,-0.0227334052324295,-0.5306913256645203
0,0.2938174903392792,0.1553274989128112,0.0776399970054626,0.7678771018981934,0.4700927138328552,0.2810766100883484,-0.7118740081787109
0,0.4162749946117401,0.2433824837207794,0.1285150051116943,0.7274549007415771,0.5570425987243652,0.2569312155246734,-0.7114534974098206
0,0.2410725057125091,0.1661625057458877,0.0918850004673004,0.6816437244415283,0.3761034905910492,0.1840406358242035,-0.6806292533874512
0,0.1851374953985214,0.1672900021076202,0.1055800020694732,0.3964715600013733,0.1890900582075119,0.0506416037678718,-0.4621227979660034
0,0.163330003619194,0.1457437574863433,0.0880900025367736,0.599772572517395,0.2430106401443481,0.0569645166397094,-0.6149839758872986
0,0.3845812678337097,0.2639112472534179,0.1465000063180923,0.6557325124740601,0.5230548977851868,0.1969803422689438,-0.6202724575996399
0,0.1614599972963333,0.0698300004005432,0.0327600017189979,0.864326536655426,0.2913785278797149,0.3961693048477173,-0.8269097208976746
0,0.4362125098705292,0.206505000591278,0.1040399968624115,0.7586111426353455,0.6266886591911316,0.3574004173278808,-0.7003600597381592
0,0.2489237487316131,0.3499724864959717,0.2394775003194809,0.3841238915920257,0.2256790697574615,-0.1680593341588974,-0.4748493432998657
0,0.3798649907112121,0.3114174902439117,0.194872498512268,0.4259932339191437,0.3277653157711029,0.0990152359008789,-0.4636157155036926
0,0.1819750070571899,0.1828825026750564,0.1157549992203712,0.5558072924613953,0.2472182810306549,-0.0024872603826224,-0.5797641277313232
0,0.2454449981451034,0.2798199951648712,0.2652449905872345,0.2240988463163375,0.1628471314907074,-0.0613289810717105,-0.2824479937553406
0,0.3068799972534179,0.3358100056648254,0.1999875009059906,0.5116310715675354,0.3556329607963562,-0.0450139380991458,-0.550163209438324
0,0.3510999977588653,0.3785724937915802,0.2379650026559829,0.4704989194869995,0.3591208755970001,-0.0376504473388195,-0.4889342486858368
0,0.2615875005722046,0.2523612380027771,0.1514225006103515,0.5605717897415161,0.3315855860710144,0.0181121733039617,-0.5622361898422241
0,0.2824600040912628,0.439567506313324,0.3269824981689453,0.1351639181375503,0.0960579365491867,-0.2175921350717544,-0.2288750261068344
0,0.2627837657928467,0.2342662513256073,0.1389512419700622,0.5333817601203918,0.3305201530456543,0.0782550424337387,-0.5827159881591797
0,0.243025004863739,0.1191100031137466,0.0577850006520748,0.7981040477752686,0.3928589522838592,0.3421790301799774,-0.7703676223754883
0,0.3051199913024902,0.2404949963092804,0.1362700015306472,0.6738049387931824,0.4057650864124298,0.1184443160891532,-0.705712616443634
0,0.2199112474918365,0.2756949961185455,0.2138887494802475,0.2585037350654602,0.1534003913402557,-0.1125504076480865,-0.351865142583847
0,0.3528050184249878,0.1877774894237518,0.080664999783039,0.8135430812835693,0.5535399317741394,0.327923059463501,-0.7527779340744019
0,0.2169000059366226,0.1954499930143356,0.1223549991846084,0.5859320759773254,0.2876101732254028,0.0482103899121284,-0.6338226199150085
0,0.3268037438392639,0.2873550057411194,0.1780700087547302,0.634404718875885,0.4559491872787475,0.0307627543807029,-0.6450710892677307
0,0.163330003619194,0.1457437574863433,0.0880900025367736,0.599772572517395,0.2430106401443481,0.0569645166397094,-0.6149839758872986
0,0.2410725057125091,0.1661625057458877,0.0918850004673004,0.6816437244415283,0.3761034905910492,0.1840406358242035,-0.6806292533874512
0,0.2199112474918365,0.2756949961185455,0.2138887494802475,0.2585037350654602,0.1534003913402557,-0.1125504076480865,-0.351865142583847
0,0.1612812578678131,0.092132493853569,0.0457400009036064,0.7333641052246094,0.2758991718292236,0.2950262129306793,-0.6943514347076416
0,0.2035624980926513,0.1351699978113174,0.0822049975395202,0.6481459140777588,0.3038273155689239,0.2019071131944656,-0.6536688208580017
0,0.2873550057411194,0.271432489156723,0.1609925031661987,0.4905813336372375,0.3042949736118316,-0.0058597158640623,-0.5319756269454956
0,0.2046075016260147,0.0889424979686737,0.0424950011074543,0.7834798693656921,0.3623292744159698,0.3940214812755584,-0.7273744344711304
0,0.3792600035667419,0.1950649917125702,0.088103748857975,0.8053900599479675,0.5941720604896545,0.3214794397354126,-0.7256319522857666
0,0.3198049962520599,0.3265424966812134,0.2155250012874603,0.412420779466629,0.2927180528640747,0.0111769270151853,-0.4553501904010772
0,0.2297150045633316,0.10640499740839,0.0522300004959106,0.7694714665412903,0.377493292093277,0.3668630421161651,-0.7450030446052551
0,0.1838449984788894,0.1385525017976761,0.084487497806549,0.5889801383018494,0.2683996856212616,0.1404864937067031,-0.606738269329071
0,0.2795724868774414,0.1724874973297119,0.0970275029540062,0.7157476544380188,0.4261457920074463,0.2368822544813156,-0.6579663157463074
0,0.4394299983978271,0.2131737470626831,0.1004237532615661,0.7842634916305542,0.6446457505226135,0.3465936183929443,-0.7010210156440735
0,0.4342325031757355,0.1724050045013427,0.0916649997234344,0.7914436459541321,0.6267576217651367,0.4316045343875885,-0.7246248126029968
0,0.371999979019165,0.2085675001144409,0.1143387481570243,0.7316041588783264,0.5410836338996887,0.2792771756649017,-0.673759937286377
0,0.2915899753570556,0.1255449950695037,0.0577850006520748,0.7817553877830505,0.461664617061615,0.3983392715454101,-0.719914436340332
0,0.2510274946689605,0.1625600010156631,0.0833325013518333,0.6834772229194641,0.382554829120636,0.2054675072431564,-0.6494473814964294
0,0.3142774999141693,0.1559875011444091,0.0786300003528595,0.733060359954834,0.4737682938575744,0.3365974426269531,-0.6850211024284363
0,0.1806000024080276,0.2727662324905395,0.1741787493228912,0.4343614280223846,0.2122792154550552,-0.2078753113746643,-0.49690642952919
0,0.4483950138092041,0.2507525086402893,0.132420003414154,0.7390044927597046,0.607194185256958,0.2826907038688659,-0.6757733225822449
0,0.3404574990272522,0.3680950105190277,0.2275149971246719,0.4361810982227325,0.3183419108390808,-0.0390055924654006,-0.4893072545528412
0,0.2554824948310852,0.2587137520313263,0.1674962490797042,0.3245535492897033,0.1938993036746978,0.007359130308032,-0.3967140614986419
0,0.3280825018882751,0.2200074940919876,0.1110524982213974,0.6618819236755371,0.4420575797557831,0.1971847862005233,-0.648220956325531
0,0.3181275129318237,0.3419975042343139,0.224600002169609,0.4884985983371734,0.3500756323337555,-0.0361598059535026,-0.5028077960014343
0,0.3503575026988983,0.3461225032806396,0.2381850033998489,0.5312325954437256,0.3750307559967041,0.0060805757530033,-0.5507090091705322
0,0.2648600041866302,0.1219424977898597,0.0534400008618831,0.8046997785568237,0.4456585943698883,0.3694844543933868,-0.7736259698867798
0,0.2681874930858612,0.1851100027561187,0.0889699980616569,0.7258298993110657,0.4194448888301849,0.1832736581563949,-0.696704626083374
0,0.2237199991941452,0.2693150043487549,0.2314749956130981,0.3100757598876953,0.1794250607490539,-0.0924782305955886,-0.416117399930954
0,0.3389725089073181,0.2388450056314468,0.1240324974060058,0.6459670066833496,0.4362391829490661,0.1732856780290603,-0.6345083117485046
0,0.2843025028705597,0.2115924954414367,0.1276074945926666,0.5634976029396057,0.3684548735618591,0.1466237902641296,-0.5480459332466125
0,0.3966675102710724,0.2664549946784973,0.1434199959039688,0.6718419790267944,0.5002071261405945,0.1963626891374588,-0.6375824213027954
0,0.3787649869918823,0.1792799979448318,0.0801424980163574,0.8129233121871948,0.6024190187454224,0.3574711680412292,-0.7190219759941101
0,0.3362224996089935,0.2073850035667419,0.1155762523412704,0.6563794612884521,0.4348001778125763,0.2379273623228073,-0.6194817423820496
0,0.3229399919509887,0.2869425117969513,0.1705899983644485,0.5115994811058044,0.3550213873386383,0.059023629873991,-0.5321096777915955
0,0.4308775067329407,0.2158824950456619,0.098870001733303,0.8068358898162842,0.6476821899414062,0.3324185311794281,-0.7278122305870056
0,0.2907924950122833,0.2101075053215026,0.1163325011730194,0.6615052819252014,0.4272246360778808,0.1610800325870514,-0.6190217733383179
0,0.3037174940109253,0.1816724985837936,0.0877600014209747,0.680178701877594,0.434208333492279,0.2514369785785675,-0.6644790768623352
0,0.4237549901008606,0.2510412335395813,0.1350462436676025,0.6832820773124695,0.5474429726600647,0.2472171783447265,-0.6398407816886902
0,0.416714996099472,0.1907200068235397,0.0908949971199035,0.7925924062728882,0.6052175164222717,0.372048020362854,-0.7403006553649902
0,0.1680874973535537,0.1899500042200088,0.107972502708435,0.517720103263855,0.2191737592220306,-0.0610620602965354,-0.5277730226516724
0,0.3471400141716003,0.2830375134944916,0.1492774933576584,0.6189343333244324,0.4282165169715881,0.1017213389277458,-0.629487931728363
0,0.4521074891090393,0.2535575032234192,0.1334650069475174,0.6935164332389832,0.6085490584373474,0.2813657820224762,-0.6471118330955505
0,0.2278449982404709,0.1896750032901764,0.1132249981164932,0.5370856523513794,0.2981754243373871,0.0913339257240295,-0.5295812487602234
0,0.3821337521076202,0.3215925097465515,0.218247503042221,0.4437541961669922,0.3234027028083801,0.0890170112252235,-0.5029485821723938
0,0.2613125145435333,0.1067074984312057,0.0519274994730949,0.8131434321403503,0.4566349685192108,0.4200994670391083,-0.7416914701461792
0,0.3607249855995178,0.1805174946784973,0.0829475000500679,0.8346419334411621,0.5686135292053223,0.3329514861106872,-0.7765000462532043
0,0.3471400141716003,0.2830375134944916,0.1492774933576584,0.6189343333244324,0.4282165169715881,0.1017213389277458,-0.629487931728363
0,0.3503575026988983,0.3461225032806396,0.2381850033998489,0.5312325954437256,0.3750307559967041,0.0060805757530033,-0.5507090091705322
0,0.4521074891090393,0.2535575032234192,0.1334650069475174,0.6935164332389832,0.6085490584373474,0.2813657820224762,-0.6471118330955505
0,0.2613125145435333,0.1067074984312057,0.0519274994730949,0.8131434321403503,0.4566349685192108,0.4200994670391083,-0.7416914701461792
0,0.3124350011348724,0.2786650061607361,0.1612399965524673,0.5586291551589966,0.371828019618988,0.0571307651698589,-0.5785524845123291
0,0.3471400141716003,0.2830375134944916,0.1492774933576584,0.6189343333244324,0.4282165169715881,0.1017213389277458,-0.629487931728363
0,0.4521074891090393,0.2535575032234192,0.1334650069475174,0.6935164332389832,0.6085490584373474,0.2813657820224762,-0.6471118330955505
0,0.2613125145435333,0.1067074984312057,0.0519274994730949,0.8131434321403503,0.4566349685192108,0.4200994670391083,-0.7416914701461792
0,0.4521074891090393,0.2535575032234192,0.1334650069475174,0.6935164332389832,0.6085490584373474,0.2813657820224762,-0.6471118330955505
0,0.3471400141716003,0.2830375134944916,0.1492774933576584,0.6189343333244324,0.4282165169715881,0.1017213389277458,-0.629487931728363
0,0.3124350011348724,0.2786650061607361,0.1612399965524673,0.5586291551589966,0.371828019618988,0.0571307651698589,-0.5785524845123291
0,0.2613125145435333,0.1067074984312057,0.0519274994730949,0.8131434321403503,0.4566349685192108,0.4200994670391083,-0.7416914701461792
